carrier,product,product_code,doc_type,audience,state,also_applies_to,form_number,version,folder,filename,drive_file_id,url,notes
ManhattanLife,Affordable Choice (AFC) health plan,AFC,brochure,client,FL,,AFC7010-FLBR,1125,FL,AFC7010-FLBR_1125.pdf,1OYt9JjeYrUzqAFvnuWJqbkLjJThzrRvG,https://drive.google.com/file/d/1OYt9JjeYrUzqAFvnuWJqbkLjJThzrRvG/view,Elite Plus / Elite / Classic Plus / Classic
ManhattanLife,Affordable Choice (AFC) health plan,AFC,rates,agent,FL,,AFC7010-FLRATES,1125,_rates/FL,AFC7010-FLRATES_1125.pdf,1ojSDdBsUZdroCNPIJ91uNWkGsI8drC7J,https://drive.google.com/file/d/1ojSDdBsUZdroCNPIJ91uNWkGsI8drC7J/view,FL age-by-age rates; FL SDR tables not in the xlsx workbook — use this
ManhattanLife,Dental Vision Hearing Select,DVHS,brochure,client,FL,,DVHS-FLBR,0326,FL,DVHS-FLBR_0326.pdf,1N9349kS9GNtk3WBilrFABvm5FDqTxHcR,https://drive.google.com/file/d/1N9349kS9GNtk3WBilrFABvm5FDqTxHcR/view,
ManhattanLife,Dental Vision Hearing (7016),DVH7016,brochure,client,FL,,DVH7016-FLBR,0924,FL,DVH7016-FLBR_0924.pdf,1o-F8iqTefsDOTDwlj0PpjnnKqA3Qcs-s,https://drive.google.com/file/d/1o-F8iqTefsDOTDwlj0PpjnnKqA3Qcs-s/view,older DVH product; DVH Select is the POP standard
ManhattanLife,Dental Vision Hearing (7016),DVH7016,flyer,client,FL,,DVH7016-FLBRF,0924,FL,DVH7016-FLBRF_0924.pdf,1WZoGNcZX5OsMDiC40Ii9L2-6d6t92bbt,https://drive.google.com/file/d/1WZoGNcZX5OsMDiC40Ii9L2-6d6t92bbt/view,
ManhattanLife,24-Hour Accident,24HR,brochure,client,FL,,EAEP-FLBR,1024,FL,EAEP-FLBR_1024.pdf,1G_DgFkPfGPmBrB9-uf40qcjm1NyxCyv0,https://drive.google.com/file/d/1G_DgFkPfGPmBrB9-uf40qcjm1NyxCyv0/view,FL has its own accident brochure — do not quote from EAEP-BR_0622
ManhattanLife,Out-of-Pocket Gap Protection,GAP,rates,agent,FL,,GAP-FLRATES,1024,_rates/FL,GAP-FLRATES_1024.pdf,1PLL7rf8IBqt9dzUrfHtKoOjoyp3o__9O,https://drive.google.com/file/d/1PLL7rf8IBqt9dzUrfHtKoOjoyp3o__9O/view,FL not in GAP_RATES_0523 group — use this
ManhattanLife,Cancer Heart Attack Stroke,CHAS,brochure,client,FL,,CHAS-FLBR,0825,FL,CHAS-FLBR_0825.pdf,1DP9XL96D3AMqZYKhZbwq5_HUPHPMjRoJ,https://drive.google.com/file/d/1DP9XL96D3AMqZYKhZbwq5_HUPHPMjRoJ/view,
ManhattanLife,Out-of-Pocket Gap Protection,GAP,rates,agent,TX,,GAP-TXRATES,0523,_rates/TX,GAP-TXRATES_0523.pdf,1K4JXjKIhfI_mMcl7wz6IDYlgcgOtXbHT,https://drive.google.com/file/d/1K4JXjKIhfI_mMcl7wz6IDYlgcgOtXbHT/view,TX not in GAP_RATES_0523 group — use this
ManhattanLife,Dental Vision Hearing Select,DVHS,brochure,client,TX,CA;KS,DVHS-CAKSTXBR,1225,TX,DVHS-CAKSTXBR_1225.pdf,1UCdyU2Xw0FvPTIfysdA5ABVWs-lRN6ix,https://drive.google.com/file/d/1UCdyU2Xw0FvPTIfysdA5ABVWs-lRN6ix/view,shared CA/KS/TX brochure
ManhattanLife,Hospital Indemnity Select,HIS,brochure,client,TX,IA;PA;UT,HIS-IAPATXUTBR,0126,TX,HIS-IAPATXUTBR_0126.pdf,1yJ3xR25wrJIF2-sGhNY2hiunNpA94zXQ,https://drive.google.com/file/d/1yJ3xR25wrJIF2-sGhNY2hiunNpA94zXQ/view,shared IA/PA/TX/UT brochure
ManhattanLife,Advantage Series rider (AS7008),AS7008,outline of coverage,client,TX,,AS7008OCTX,,TX,AS7008-OC-TX.pdf,1-_D7uSW83Ly0A0pXnX_x6BvQ8pCoyokZ,https://drive.google.com/file/d/1-_D7uSW83Ly0A0pXnX_x6BvQ8pCoyokZ/view,verify product name from page 1
ManhattanLife,AL7060 policy,AL7060,outline of coverage,client,TX,,AL7060OCTX,,TX,AL7060-OC-TX.pdf,1Uw73yft7koLCleEIFO0OdIKA1lxVGNK8,https://drive.google.com/file/d/1Uw73yft7koLCleEIFO0OdIKA1lxVGNK8/view,verify product name from page 1
ManhattanLife,AL7060I policy,AL7060I,outline of coverage,client,TX,,AL7060IOCTX,,TX,AL7060I-OC-TX.pdf,1xmMNdx-JSFG_IU0znPsVvphdgdn9ESFK,https://drive.google.com/file/d/1xmMNdx-JSFG_IU0znPsVvphdgdn9ESFK/view,verify product name from page 1
ManhattanLife,Dental Vision Hearing Select,DVHS,brochure,client,GA,,DVHS-GABR,1125,GA,DVHS-GABR_1125.pdf,1spfKoL6_zAP2-w4uK0gw4xqjKhWb7nWb,https://drive.google.com/file/d/1spfKoL6_zAP2-w4uK0gw4xqjKhWb7nWb/view,
ManhattanLife,Affordable Choice (AFC) health plan,AFC,brochure,client,ALL,,AFC7010-BR,1025,_all-states,AFC7010-BR_1025.pdf,1EfT-9E4jYPpKwiwh0-bNvZVbfagacS_K,https://drive.google.com/file/d/1EfT-9E4jYPpKwiwh0-bNvZVbfagacS_K/view,general brochure; supersedes 0424 (archived). FL uses AFC7010-FLBR instead
ManhattanLife,AFC Specified Disease Rider,SDR,faq,client,ALL,,AFC-SDR-FAQ,1125,_all-states,AFC-SDR-FAQ_1125.pdf,1hLs34BMCZq_2sDO3BvDDY8l88IXffZ2-,https://drive.google.com/file/d/1hLs34BMCZq_2sDO3BvDDY8l88IXffZ2-/view,
ManhattanLife,Hospital Indemnity Select,HIS,brochure,client,ALL,,HIS-BR,0126,_all-states,HIS-BR_0126.pdf,1B1VbYnTdhVqaEH4L6uc1-iltAZw3nPlP,https://drive.google.com/file/d/1B1VbYnTdhVqaEH4L6uc1-iltAZw3nPlP/view,FL uses this (no FL-specific HIS brochure on file); TX/IA/PA/UT use HIS-IAPATXUTBR
ManhattanLife,Dental Vision Hearing (7016),DVH7016,brochure,client,ALL,,DVH7016-BR,0425,_all-states,DVH7016-BR_0425.pdf,1hrENYvOACoBamPmZ7i4uLdu6vcWBeih2,https://drive.google.com/file/d/1hrENYvOACoBamPmZ7i4uLdu6vcWBeih2/view,
ManhattanLife,24-Hour Accident,24HR,brochure,client,ALL,,EAEP-BR,0622,_all-states,EAEP-BR_0622.pdf,1JkxuYaK4jZ2JNPIx60nOL-eaYmkqEF9X,https://drive.google.com/file/d/1JkxuYaK4jZ2JNPIx60nOL-eaYmkqEF9X/view,FL uses EAEP-FLBR instead; AZ/IN/KY/LA/MN/SD/VA have own versions (not on file)
ManhattanLife,Out-of-Pocket Gap Protection,GAP,brochure,client,ALL,,GAP15-BR,0320,_all-states,GAP15-BR_0320.pdf,1B_2xkZ94ywmRxF5xraBAMZaEfo68hTnx,https://drive.google.com/file/d/1B_2xkZ94ywmRxF5xraBAMZaEfo68hTnx/view,
ManhattanLife,Home Health Care Enhanced,HHCE,brochure,client,ALL,,HHCE-BR,0326,_all-states,HHCE-BR_0326.pdf,1oCW2Oq6hq314uP3dtIWM2HfIHHAbdX9S,https://drive.google.com/file/d/1oCW2Oq6hq314uP3dtIWM2HfIHHAbdX9S/view,NOT approved in FL/CA/NY/NJ/PA/VA (26 states only)
ManhattanLife,Home Health Care Enhanced,HHCE,flyer,client,ALL,,HHCE-BRF,0726,_all-states,HHCE-BRF_0726.pdf,1n3QDo8K4nPgUwnDP7gptfRzl8PsSIoj_,https://drive.google.com/file/d/1n3QDo8K4nPgUwnDP7gptfRzl8PsSIoj_/view,
ManhattanLife,Cancer Heart Attack Stroke,CHAS,brochure,client,ALL,,CHAS-BR,0525,_all-states,CHAS-BR_0525.pdf,1Hx4AGek02cDwZovvHvz5cPEBAtLK78gG,https://drive.google.com/file/d/1Hx4AGek02cDwZovvHvz5cPEBAtLK78gG/view,FL uses CHAS-FLBR instead
ManhattanLife,Cancer Heart Attack Stroke,CHAS,brochure (Spanish),client,ALL,,CHAS-BRSP,0525,_all-states,CHAS-BRSP_0525.pdf,1RlyhvcWE-P20RtFWRXAPAUiAwNFCHb5S,https://drive.google.com/file/d/1RlyhvcWE-P20RtFWRXAPAUiAwNFCHb5S/view,
ManhattanLife,Short Term Care,STC,brochure,client,ALL,,STC-BR,0525,_all-states,STC-BR_0525.pdf,13_geKdYT-mYG-PKAItY_b28VoG_m9YXw,https://drive.google.com/file/d/13_geKdYT-mYG-PKAItY_b28VoG_m9YXw/view,
ManhattanLife,Short Term Care,STC,flyer,client,ALL,,STC-BRF,0825,_all-states,STC-BRF_0825.pdf,1zsDKignexNBNerYqiBVAt08r94YjSxqS,https://drive.google.com/file/d/1zsDKignexNBNerYqiBVAt08r94YjSxqS/view,
ManhattanLife,Short Term Care,STC,faq,client,ALL,,STC-FAQ,0426,_all-states,STC-FAQ_0426.pdf,1iXNtSuruY1NsOcZkcYiuB2D4LP3YQ-Sx,https://drive.google.com/file/d/1iXNtSuruY1NsOcZkcYiuB2D4LP3YQ-Sx/view,
ManhattanLife,Final Expense (SFE),SFE,brochure,client,ALL,,SFE-BR,0921,_all-states,SFE-BR_0921.pdf,15F5l3AUkTCUJKJNbqivUgzCOV32F79Mn,https://drive.google.com/file/d/15F5l3AUkTCUJKJNbqivUgzCOV32F79Mn/view,
ManhattanLife,Final Expense (SFE),SFE,disclosure,client,ALL,,SFEDL,0523,_all-states,SFEDL_0523.pdf,1jCblOOgOVc-InX4ms1XGKZHQCVc06Rka,https://drive.google.com/file/d/1jCblOOgOVc-InX4ms1XGKZHQCVc06Rka/view,verify doc type from page 1
ManhattanLife,Advantage Series Disability Income,ASDI,brochure,client,ALL,,ASDI-BR,0721,_all-states,ASDI-BR_0721.pdf,1YcfCMW4tflGey_tz3eLYUtGHEZU8AHIV,https://drive.google.com/file/d/1YcfCMW4tflGey_tz3eLYUtGHEZU8AHIV/view,
ManhattanLife,Advantage Series Critical Illness,ASCI,brochure,client,ALL,,ASCI-BR,1022,_all-states,ASCI-BR_1022.pdf,1MYOAeFu-wL9M4V-0lawZoLuyYUsIzJP3,https://drive.google.com/file/d/1MYOAeFu-wL9M4V-0lawZoLuyYUsIzJP3/view,
ManhattanLife,Advantage Series Hospital Indemnity,ASHI,brochure,client,ALL,,ASHI-BR,0721,_all-states,ASHI-BR_0721.pdf,1AsSsC2VD-R02tlfAQA8NNjwf0YBLAfd2,https://drive.google.com/file/d/1AsSsC2VD-R02tlfAQA8NNjwf0YBLAfd2/view,
ManhattanLife,Advantage Series Accident,ASACC,brochure,client,ALL,,ASACC-BR,0721,_all-states,ASACC-BR_0721.pdf,10z2XfPCudWsfT5DEklM-CKRkfwGzTFzF,https://drive.google.com/file/d/10z2XfPCudWsfT5DEklM-CKRkfwGzTFzF/view,
ManhattanLife,Advantage Series rider (AS7008),AS7008,outline of coverage,client,ALL,,AS7008OC,,_all-states,AS7008-OC.pdf,11CYFtOjZMwrrVAm-udJ8AnjK_C_6cgnT,https://drive.google.com/file/d/11CYFtOjZMwrrVAm-udJ8AnjK_C_6cgnT/view,verify product name from page 1
ManhattanLife,Ancillary product guide,ANCILLARY,product guide,client,ALL,,ANCILLARY-PGBR,0626,_all-states,ANCILLARY-PGBR_0626.pdf,1xkXz1G0e2MDOTlQKfvqvrj4KX79X3Fem,https://drive.google.com/file/d/1xkXz1G0e2MDOTlQKfvqvrj4KX79X3Fem/view,15 MB — overview of all ancillary products
ManhattanLife,Affordable Choice (AFC) health plan,AFC,rates,agent,ALL,,AFC_RATES,0626,_rates,AFC_RATES_0626.pdf,1TPBBojdEnu2f_nuVAosJaCoICCjnFnlo,https://drive.google.com/file/d/1TPBBojdEnu2f_nuVAosJaCoICCjnFnlo/view,master rate guide; 16 state groups; source of xlsx AFC tabs
ManhattanLife,Hospital Indemnity Select,HIS,rates,agent,ALL,,HIS_RATES,0725,_rates,HIS_RATES_0725.pdf,1QoUWXa6I6ElY4wRb-auCD_Y2IiFgDBbj,https://drive.google.com/file/d/1QoUWXa6I6ElY4wRb-auCD_Y2IiFgDBbj/view,source of xlsx HIS tab
ManhattanLife,Out-of-Pocket Gap Protection,GAP,rates,agent,ALL,,GAP_RATES,0523,_rates,GAP_RATES_0523.pdf,1JyUYcOATDvvVB-UdXmZjlESt4rZ-c8l_,https://drive.google.com/file/d/1JyUYcOATDvvVB-UdXmZjlESt4rZ-c8l_/view,20-state group only; FL and TX have their own rate sheets
ManhattanLife,Home Health Care,HHC,rates,agent,ALL,,HHC_RATES,0826,_rates,HHC_RATES_0826.pdf,16vQ4SpOcTxwfEYgSfIihWRRmrId5832G,https://drive.google.com/file/d/16vQ4SpOcTxwfEYgSfIihWRRmrId5832G/view,NEWER than the HHC 0726 tab in the xlsx — workbook needs refresh
ManhattanLife,Final Expense (SFE),SFE,rates,agent,ALL,,SFE-RATES,1125,_rates,SFE-RATES_1125.pdf,1QD6cPA8fiSuY8GiTg9wRaxHLhiXvSRon,https://drive.google.com/file/d/1QD6cPA8fiSuY8GiTg9wRaxHLhiXvSRon/view,
ManhattanLife,Affordable Choice (AFC) health plan,AFC,agent guide,agent,ALL,,AGT-AFC7010,1225,_agent-guides,AGT-AFC7010_1225.pdf,1Tk1u7w7MglqIxs82va-mSTWUQ95fKheV,https://drive.google.com/file/d/1Tk1u7w7MglqIxs82va-mSTWUQ95fKheV/view,
ManhattanLife,Hospital Indemnity Select,HIS,agent guide,agent,ALL,,AGT-HIS,0126,_agent-guides,AGT-HIS_0126.pdf,1mHV68tny0GrLtWczvYw1RDIrA0IubHbK,https://drive.google.com/file/d/1mHV68tny0GrLtWczvYw1RDIrA0IubHbK/view,
ManhattanLife,Dental Vision Hearing Select,DVHS,agent guide,agent,ALL,,AGT-DVH,1225,_agent-guides,AGT-DVH_1225.pdf,1SG7JSq3HFBJWX2fsuO0UH9YCP2j1J09g,https://drive.google.com/file/d/1SG7JSq3HFBJWX2fsuO0UH9YCP2j1J09g/view,13 MB
ManhattanLife,24-Hour Accident,24HR,agent guide,agent,ALL,,24HR-AGT,0326,_agent-guides,24HR-AGT_0326.pdf,1yuD7edNcR4sm9cZ7geWQYD1KLLIOBKRB,https://drive.google.com/file/d/1yuD7edNcR4sm9cZ7geWQYD1KLLIOBKRB/view,confirmed rate tiers live here (POP tool pulls wrong tier)
ManhattanLife,Out-of-Pocket Gap Protection,GAP,agent guide,agent,ALL,,GAP-AGT,0721,_agent-guides,GAP-AGT_0721.pdf,1lRXcz4A9Zr7hAr5js2wPok-6PkFY8_90,https://drive.google.com/file/d/1lRXcz4A9Zr7hAr5js2wPok-6PkFY8_90/view,
ManhattanLife,Home Health Care,HHC,agent guide,agent,ALL,,AGT-HHC,0626,_agent-guides,AGT-HHC_0626.pdf,1adRmXOWY8jRISvtoll6XUeX_BrBEGz1j,https://drive.google.com/file/d/1adRmXOWY8jRISvtoll6XUeX_BrBEGz1j/view,
ManhattanLife,Short Term Care,STC,agent guide,agent,ALL,,AGT-STC,0426,_agent-guides,AGT-STC_0426.pdf,19Pg7KBZN8Cja6DD7GDk1nX4L8INhu2_F,https://drive.google.com/file/d/19Pg7KBZN8Cja6DD7GDk1nX4L8INhu2_F/view,
ManhattanLife,Final Expense (SFE),SFE,agent guide,agent,ALL,,AGT-SFE,1125,_agent-guides,AGT-SFE_1125.pdf,1B10g6d3PYSziPcrzddiv3lgOHbo03uu_,https://drive.google.com/file/d/1B10g6d3PYSziPcrzddiv3lgOHbo03uu_/view,
ManhattanLife,Cancer Heart Attack Stroke,CHAS,agent guide,agent,ALL,,CHAS-AG,1224,_agent-guides,CHAS-AG_1224.pdf,1GZkav997ve1PJEajidQjWo6Vg4YFFVLg,https://drive.google.com/file/d/1GZkav997ve1PJEajidQjWo6Vg4YFFVLg/view,
ManhattanLife,Advantage Series,AS,agent guide,agent,ALL,,ADVANSERIES-AG,0122,_agent-guides,ADVANSERIES-AG_0122.pdf,1EsVwzrgJD6vynna4byLbzuxSMXmJK1QX,https://drive.google.com/file/d/1EsVwzrgJD6vynna4byLbzuxSMXmJK1QX/view,
ManhattanLife,Final Expense,FE,tip sheet,agent,ALL,,FE-TIPSHEET,0625,_agent-guides,FE-TIPSHEET_0625.pdf,1L94fyDsMTS5GC7_v3OJIOBOEqimcQNn_,https://drive.google.com/file/d/1L94fyDsMTS5GC7_v3OJIOBOEqimcQNn_/view,
ManhattanLife,PAIDEH (unidentified),PAIDEH,agent doc,agent,ALL,,PAIDEH-AGT,0524,_agent-guides,PAIDEH-AGT_0524.pdf,1Tu5TGjNDDEk7ihF0PL7KBmlq4qCXDkqm,https://drive.google.com/file/d/1Tu5TGjNDDEk7ihF0PL7KBmlq4qCXDkqm/view,identify from page 1 and update this row
ManhattanLife,Application (AK7034),AK7034,application,agent,ALL,,AK7034AP,0521,_agent-guides,AK7034-AP_0521.pdf,1LVUZ3HKxy6E7i8sisHF-mnjGwKW4E9E4,https://drive.google.com/file/d/1LVUZ3HKxy6E7i8sisHF-mnjGwKW4E9E4/view,verify which product this app belongs to
ManhattanLife,Product approval chart,PRODAPRCHRT,state approval chart,agent,ALL,,PRODAPRCHRT,,_agent-guides,PRODAPRCHRT-product-approval-chart.pdf,1HsMBuxaLOApMEpe4ETByE0syCwuwCIfW,https://drive.google.com/file/d/1HsMBuxaLOApMEpe4ETByE0syCwuwCIfW/view,source of truth for which product is approved in which state
ManhattanLife,Corporate presentation,MLCORPPRES,presentation,agent,ALL,,MLCORPPRES,041223,_agent-guides,MLCORPPRES_041223-corporate-presentation.pptx,1vVkWMTQ_AhTR9niIhi6Z-qsJQMT33KnM,https://drive.google.com/file/d/1vVkWMTQ_AhTR9niIhi6Z-qsJQMT33KnM/view,35 MB
ManhattanLife,Corporate policyholder guide,CORP-POLICYHOLDER,policyholder guide,client,ALL,,CORP-POLICYHOLDER,0921,_agent-guides,CORP-POLICYHOLDER_0921.pdf,1QCra_i1LnL_q4UNcCOUif5x4Am1nnIov,https://drive.google.com/file/d/1QCra_i1LnL_q4UNcCOUif5x4Am1nnIov/view,candidate for the post-close packet
ManhattanLife,Affordable Choice (AFC) health plan,AFC,brochure,client,ALL,,AFC7010-BR,0424,_archive,AFC7010-BR_0424.pdf,1PVSJR4NROC7XTW1_ZneSF8_Jy77nSezu,https://drive.google.com/file/d/1PVSJR4NROC7XTW1_ZneSF8_Jy77nSezu/view,SUPERSEDED by AFC7010-BR_1025
ManhattanLife,24-Hour Accident,EAEP,brochure,client,AZ,,EAEP-AZBR,0622,AZ,EAEP-AZBR_0622.pdf,1IjWbdF8-7QfGK179Xt-kf69zVUiGKL7z,https://drive.google.com/file/d/1IjWbdF8-7QfGK179Xt-kf69zVUiGKL7z/view,AZ-specific accident brochure. AZ 2-unit rates differ from the generic EAEP-BR_0622 table (checks.md S2) - do not quote AZ off the generic sheet.
ManhattanLife,Dental Vision Hearing Select,DVHS,brochure,client,ALL,,DVHS-BR,0525,_all-states,DVHS-BR_0525.pdf,1jz09h-SUaOgBr4KA5lQoIXZ2ztd6Ts0i,https://drive.google.com/file/d/1jz09h-SUaOgBr4KA5lQoIXZ2ztd6Ts0i/view,Generic DVH Select brochure; state folders (FL/GA/TX) win where they exist.
ManhattanLife,Dental Vision Hearing Select,DVHS,brochure (Spanish),client,ALL,,DVHS-BRSP,0425,_all-states,DVHS-BRSP_0425.pdf,1_PJ-iXBDwFWukxiqUCggACPRtvYwTIXU,https://drive.google.com/file/d/1_PJ-iXBDwFWukxiqUCggACPRtvYwTIXU/view,Spanish
ManhattanLife,Affordable Choice (AFC) health plan,AFC,brochure (Spanish),client,ALL,,AFC7010-BRSP,1025,_all-states,AFC7010-BRSP_1025.pdf,1rUI3pCUbZpNc-9l9CU5tX1aBMRgYJLWb,https://drive.google.com/file/d/1rUI3pCUbZpNc-9l9CU5tX1aBMRgYJLWb/view,Spanish
ManhattanLife,Home Health Care Enhanced,HHCE,brochure (Spanish),client,ALL,,HHCE-SPBR,0326,_all-states,HHCE-SPBR_0326.pdf,1u6AcZgJPJNxY4tJ70Xtjy9NR3zvMQwYS,https://drive.google.com/file/d/1u6AcZgJPJNxY4tJ70Xtjy9NR3zvMQwYS/view,Spanish. HHC is NOT approved in FL.
ManhattanLife,Accident Insurance (PAID Enhanced),PAID,agent-guide,agent,ALL,AK AL AR CA CO CT DE GA HI IA ID IL IN KS KY LA MI MO MS NC ND NE NV OH OK PA SC SD TN TX UT VA WA WI WV WY,PAIDEH-AGT,0524,_agent-guides/Accident Insurance (PAID Enhanced),PAIDEH-AGT_0524 (36 states Accident Insurance (PAID Enhanced) - PAID Enhanced Agent Guide - AGENT ONLY).pdf,,,from agent portal 2026-09-28: PAID Enhanced Agent Guide
ManhattanLife,Accident Insurance (PAID Enhanced),PAID,brochure,client,AK,,PAIDEH-BRSP,0524,AK/Accident Insurance (PAID Enhanced),PAIDEH-BRSP_0524 (AK Accident Insurance (PAID Enhanced) - Spanish PAID Enhanced Brochure).pdf,,,from agent portal 2026-09-28: Spanish PAID Enhanced Brochure
ManhattanLife,Accident Insurance (PAID Enhanced),PAID,brochure,client,AK,,PAIDEH-BR,0524,AK/Accident Insurance (PAID Enhanced),PAIDEH-BR_0524 (AK Accident Insurance (PAID Enhanced) - PAID Enhanced Brochure).pdf,,,from agent portal 2026-09-28: PAID Enhanced Brochure
ManhattanLife,Out-of-Pocket Protection (Gap),GAP,agent-guide,agent,ALL,AK AL AR AZ CA FL GA HI IA IL IN KY LA MD ME MI MN MO MS MT NC ND NE NM OH OK PA SC SD TN TX WA WI WV WY,GAP-AGT,0721,_agent-guides/Out-of-Pocket Protection (Gap),GAP-AGT_0721 (35 states Out-of-Pocket Protection (Gap) - Out-of-Pocket Agent Guide - AGENT ONLY).pdf,,,from agent portal 2026-09-28: Out-of-Pocket Agent Guide
ManhattanLife,Out-of-Pocket Protection (Gap),GAP,brochure,client,AK,,GAP15-BRSP,0320,AK/Out-of-Pocket Protection (Gap),GAP15-BRSP_0320 (AK Out-of-Pocket Protection (Gap) - Spanish Out-of-Pocket Brochure).pdf,,,from agent portal 2026-09-28: Spanish Out-of-Pocket Brochure
ManhattanLife,Out-of-Pocket Protection (Gap),GAP,brochure,client,AK,,GAP15-BR,0320,AK/Out-of-Pocket Protection (Gap),GAP15-BR_0320 (AK Out-of-Pocket Protection (Gap) - Out-of-Pocket Brochure).pdf,,,from agent portal 2026-09-28: Out-of-Pocket Brochure
ManhattanLife,Out-of-Pocket Protection (Gap),GAP,rates,agent,ALL,AK AL AR AZ GA HI IA IL IN LA MT NE NV OH OK SC TN WI WV WY,GAP_RATES,0523,_rates/Out-of-Pocket Protection (Gap),GAP_RATES_0523 (20 states Out-of-Pocket Protection (Gap) - Out-of-Pocket Monthly Rates).pdf,,,from agent portal 2026-09-28: Out-of-Pocket Monthly Rates
ManhattanLife,Affordable Choice,AFC,brochure,client,AK,,AFC7010-AKBR,0826,AK/Affordable Choice,AFC7010-AKBR_0826 (AK Affordable Choice - Affordable Choice Enhanced Brochure).pdf,,,from agent portal 2026-09-28: Affordable Choice Enhanced Brochure
ManhattanLife,Affordable Choice,AFC,rates,agent,ALL,AK AL AR AZ CA DE FL GA HI IA IL IN KY LA MD ME MI MN MO MS MT NC ND NE NV OH OK OR PA RI SC SD TN TX UT VA WI WV WY,AFC_RATES,0626,_rates/Affordable Choice,AFC_RATES_0626 (39 states Affordable Choice - Affordable Choice Rate Guide).pdf,,,from agent portal 2026-09-28: Affordable Choice Rate Guide
ManhattanLife,Affordable Choice,AFC,agent-guide,agent,ALL,AK AL AR AZ CA DE FL GA HI IA IL IN KY LA MD ME MI MN MO MS MT NC ND NE NV OH OK PA RI SC SD TN TX UT VA WI WV WY,AGT-AFC7010,0926,_agent-guides/Affordable Choice,AGT-AFC7010_0926 (38 states Affordable Choice - Affordable Choice Enhanced Agent Guide - AGENT ONLY).pdf,,,from agent portal 2026-09-28: Affordable Choice Enhanced Agent Guide
ManhattanLife,Home Health Care Enhanced,HHC,agent-guide,agent,ALL,AK AL AR AZ CO DC DE GA HI IA IL LA ME MI MO MS NC ND NE NH NV OH OK OR SC SD TN TX WI WV WY,AGT-HHC,0926,_agent-guides/Home Health Care Enhanced,AGT-HHC_0926 (31 states Home Health Care Enhanced - Home Health Care Agent Guide - AGENT ONLY).pdf,,,from agent portal 2026-09-28: Home Health Care Agent Guide
ManhattanLife,Home Health Care Enhanced,HHC,brochure,client,AK,,HHCE-BRF,0726,AK/Home Health Care Enhanced,HHCE-BRF_0726 (AK Home Health Care Enhanced - Trifold Home Health Care Brochure).pdf,,,from agent portal 2026-09-28: Trifold Home Health Care Brochure
ManhattanLife,Home Health Care Enhanced,HHC,brochure,client,AK,,HHCE-BR,0326,AK/Home Health Care Enhanced,HHCE-BR_0326 (AK Home Health Care Enhanced - Home Health Care Enhanced Brochure).pdf,,,from agent portal 2026-09-28: Home Health Care Enhanced Brochure
ManhattanLife,Home Health Care Enhanced,HHC,brochure,client,AK,,HHCE-SPBR,0326,AK/Home Health Care Enhanced,HHCE-SPBR_0326 (AK Home Health Care Enhanced - Spanish Home Health Care Enhanced Brochure).pdf,,,from agent portal 2026-09-28: Spanish Home Health Care Enhanced Brochure
ManhattanLife,Home Health Care Enhanced,HHC,rates,agent,ALL,AK AL AR AZ CO DC DE GA HI IA IL LA ME MI MO MS NC ND NE NH NV OH OK OR SC SD TN TX WI WV WY,HHC_RATES,0826,_rates/Home Health Care Enhanced,HHC_RATES_0826 (31 states Home Health Care Enhanced - Home Health Care Rate Guide).pdf,,,from agent portal 2026-09-28: Home Health Care Rate Guide
ManhattanLife,Cancer Heart Attack and Stroke,CHAS,agent-guide,agent,ALL,AK AL AR AZ CA CO CT DC FL GA HI IA ID IL IN KS KY LA MD ME MI MN MO MS NC ND NE NH NV OH OK OR PA RI SC TN TX UT VT WA WI WV,CHAS-AG,1224,_agent-guides/Cancer Heart Attack and Stroke,CHAS-AG_1224 (42 states Cancer Heart Attack and Stroke - Cancer and-or Heart & Stroke Agent Guide - AGENT ONLY).pdf,,,from agent portal 2026-09-28: Cancer and-or Heart & Stroke Agent Guide
ManhattanLife,Cancer Heart Attack and Stroke,CHAS,brochure,client,AK,,CHAS-BRSP,0525,AK/Cancer Heart Attack and Stroke,"CHAS-BRSP_0525 (AK Cancer Heart Attack and Stroke - Spanish Cancer, Heart & Stroke Brochure).pdf",,,"from agent portal 2026-09-28: Spanish Cancer, Heart & Stroke Brochure"
ManhattanLife,Cancer Heart Attack and Stroke,CHAS,brochure,client,AK,,CHAS-BR,0525,AK/Cancer Heart Attack and Stroke,"CHAS-BR_0525 (AK Cancer Heart Attack and Stroke - Cancer, Heart & Stroke Brochure).pdf",,,"from agent portal 2026-09-28: Cancer, Heart & Stroke Brochure"
ManhattanLife,Short Term Care (OmniFlex),STC,agent-guide,agent,ALL,AK AL AR AZ CO DC GA HI IA ID IL IN KY LA MD ME MI MO MS MT NC ND NE NH NV OH OK OR PA RI SC SD TN TX VA WI WV WY,AGT-STC,0426,_agent-guides/Short Term Care (OmniFlex),AGT-STC_0426 (38 states Short Term Care (OmniFlex) - Omni-Flex Short Term Care Agent Guide - AGENT ONLY).pdf,,,from agent portal 2026-09-28: Omni-Flex Short Term Care Agent Guide
ManhattanLife,Short Term Care (OmniFlex),STC,brochure,client,AK,,STC-BRF,0825,AK/Short Term Care (OmniFlex),STC-BRF_0825 (AK Short Term Care (OmniFlex) - Folded Short Term Care Brochure).pdf,,,from agent portal 2026-09-28: Folded Short Term Care Brochure
ManhattanLife,Short Term Care (OmniFlex),STC,brochure,client,AK,,STC-BR,0525,AK/Short Term Care (OmniFlex),STC-BR_0525 (AK Short Term Care (OmniFlex) - Omni-Flex Short Term Care Brochure).pdf,,,from agent portal 2026-09-28: Omni-Flex Short Term Care Brochure
ManhattanLife,Short Term Care (OmniFlex),STC,faq,agent,ALL,AK AL AR AZ CO DC GA HI IA ID IL IN KY LA MD ME MI MO MS MT NC ND NE NH NV OH OK OR PA RI SC SD TN TX VA WI WV WY,STC-FAQ,0426,_agent-guides/Short Term Care (OmniFlex),STC-FAQ_0426 (38 states Short Term Care (OmniFlex) - Omni-Flex Short Term Care Facts & Questions - AGENT ONLY).pdf,,,from agent portal 2026-09-28: Omni-Flex Short Term Care Facts & Questions
ManhattanLife,Cancer Care Plus,CCP,rates,agent,AL,,AL_CP4000_P_RATES,3-18-10,_rates/Cancer Care Plus,AL_CP4000_P_RATES_3-18-10 (AL Cancer Care Plus - Payroll Rates for AL).pdf,,,from agent portal 2026-09-28: Payroll Rates for AL
ManhattanLife,Cancer Care Plus,CCP,brochure,client,AL,,CCP-BRSP,0420,AL/Cancer Care Plus,CCP-BRSP_0420 (AL Cancer Care Plus - Spanish Cancer Care Plus Brochure).pdf,,,from agent portal 2026-09-28: Spanish Cancer Care Plus Brochure
ManhattanLife,Cancer Care Plus,CCP,brochure,client,AL,,CCP-BR,0420,AL/Cancer Care Plus,CCP-BR_0420 (AL Cancer Care Plus - Cancer Care Plus Brochure).pdf,,,from agent portal 2026-09-28: Cancer Care Plus Brochure
ManhattanLife,Cancer Care Plus,CCP,agent-guide,agent,AL,,CP4000-AGT,1211-AL,_agent-guides/Cancer Care Plus,CP4000-AGT_1211-AL (AL Cancer Care Plus - CP4000 Limited Cancer and Dread Disease Agent Guide - AGENT ONLY).pdf,,,from agent portal 2026-09-28: CP4000 Limited Cancer and Dread Disease Agent Guide
ManhattanLife,Critical Protection and Recovery,CPR,agent-guide,agent,ALL,AL AR AZ CA CO IA ID IL IN KS KY LA MD MO MS MT NC ND NE NH NM NV OH OK OR PA SC SD TN TX UT VA WA WI WV WY,AGT-CPR,1021,_agent-guides/Critical Protection and Recovery,AGT-CPR_1021 (36 states Critical Protection and Recovery - Critical Protection & Recovery Agent Guide - AGENT ONLY).pdf,,,from agent portal 2026-09-28: Critical Protection & Recovery Agent Guide
ManhattanLife,Critical Protection and Recovery,CPR,rates,agent,ALL,AL AR AZ CO IA ID IL IN KS KY LA MD MO MS NC ND NE NH NM NV OH OK OR SC SD TN TX UT WA WI WV WY,CPR-BDR,0520,_rates/Critical Protection and Recovery,CPR-BDR_0520 (32 states Critical Protection and Recovery - Critical Illness Bank Draft Rates).pdf,,,from agent portal 2026-09-28: Critical Illness Bank Draft Rates
ManhattanLife,Critical Protection and Recovery,CPR,brochure,client,AL,,CPR-BR,0520,AL/Critical Protection and Recovery,CPR-BR_0520 (AL Critical Protection and Recovery - Critical Protection & Recovery Brochure).pdf,,,from agent portal 2026-09-28: Critical Protection & Recovery Brochure
ManhattanLife,Critical Protection and Recovery,CPR,rates,agent,ALL,AL AR AZ CO IA ID IL IN KS KY LA MD MO MS NC ND NE NH NM NV OH OK OR SC SD TN TX UT WA WI WV WY,CPR-WPR,0520,_rates/Critical Protection and Recovery,CPR-WPR_0520 (32 states Critical Protection and Recovery - Critical Illness Payroll Rates).pdf,,,from agent portal 2026-09-28: Critical Illness Payroll Rates
ManhattanLife,Critical Protection and Recovery,CPR,brochure,client,AL,,CPRC-BR,0520,AL/Critical Protection and Recovery,CPRC-BR_0520 (AL Critical Protection and Recovery - Critical Protection & Recovery with Cancer).pdf,,,from agent portal 2026-09-28: Critical Protection & Recovery with Cancer
ManhattanLife,24-Hour Accident,EAEP,agent-guide,agent,ALL,AL AR AZ CT FL GA IA IL IN KS KY LA MN MO MS MT NC ND NE NM NV OH OK PA SC SD TN TX UT VA WI WV WY,24HR-AGT,0326,_agent-guides/24-Hour Accident,24HR-AGT_0326 (33 states 24-Hour Accident - 24 Hour Accident Agent Guide - AGENT ONLY).pdf,,,from agent portal 2026-09-28: 24 Hour Accident Agent Guide
ManhattanLife,24-Hour Accident,EAEP,brochure,client,AL,,EAEP-BR,0622,AL/24-Hour Accident,EAEP-BR_0622 (AL 24-Hour Accident - 24 Hour Accident Brochure).pdf,,,from agent portal 2026-09-28: 24 Hour Accident Brochure
ManhattanLife,24-Hour Accident,EAEP,brochure,client,AL,,EAEP-SPBR,0622,AL/24-Hour Accident,EAEP-SPBR_0622 (AL 24-Hour Accident - Spanish 24 Hour Accident Brochure).pdf,,,from agent portal 2026-09-28: Spanish 24 Hour Accident Brochure
ManhattanLife,Accident Insurance (PAID Enhanced),PAID,brochure,client,AL,,PAIDEH-BRSP,0524,AL/Accident Insurance (PAID Enhanced),PAIDEH-BRSP_0524 (AL Accident Insurance (PAID Enhanced) - Spanish PAID Enhanced Brochure).pdf,,,from agent portal 2026-09-28: Spanish PAID Enhanced Brochure
ManhattanLife,Accident Insurance (PAID Enhanced),PAID,brochure,client,AL,,PAIDEH-BR,0524,AL/Accident Insurance (PAID Enhanced),PAIDEH-BR_0524 (AL Accident Insurance (PAID Enhanced) - PAID Enhanced Brochure).pdf,,,from agent portal 2026-09-28: PAID Enhanced Brochure
ManhattanLife,Dental Vision Hearing (7016),DVH7016,agent-guide,agent,ALL,AL AR AZ CA CO DE FL GA IA ID IL IN KS KY LA MD MI MO MS MT NC ND NE NJ NM OH OK OR PA SC SD TN TX UT VA WI WV WY,AGT-DVH,1225,_agent-guides/Dental Vision Hearing (7016),AGT-DVH_1225 (38 states Dental Vision Hearing (7016) - Combo DVH and DVH Select Agent Guide - AGENT ONLY).pdf,,,from agent portal 2026-09-28: Combo DVH and DVH Select Agent Guide
ManhattanLife,Dental Vision Hearing (7016),DVH7016,brochure,client,AL,,DVH7016-BRFSP,0425,AL/Dental Vision Hearing (7016),DVH7016-BRFSP_0425 (AL Dental Vision Hearing (7016) - Spanish Folded DVH7016 Brochure).pdf,,,from agent portal 2026-09-28: Spanish Folded DVH7016 Brochure
ManhattanLife,Dental Vision Hearing (7016),DVH7016,brochure,client,AL,,DVH7016-BRF,0425,AL/Dental Vision Hearing (7016),DVH7016-BRF_0425 (AL Dental Vision Hearing (7016) - Folded DVH7016 Brochure).pdf,,,from agent portal 2026-09-28: Folded DVH7016 Brochure
ManhattanLife,Dental Vision Hearing (7016),DVH7016,brochure,client,AL,,DVH7016-BRSP,0425,AL/Dental Vision Hearing (7016),DVH7016-BRSP_0425 (AL Dental Vision Hearing (7016) - Spanish DVH7016 Brochure).pdf,,,from agent portal 2026-09-28: Spanish DVH7016 Brochure
ManhattanLife,Dental Vision Hearing (7016),DVH7016,brochure,client,AL,,DVH7016-BR,0425,AL/Dental Vision Hearing (7016),"DVH7016-BR_0425 (AL Dental Vision Hearing (7016) - Dental, Vision and Hearing 7016 Brochure).pdf",,,"from agent portal 2026-09-28: Dental, Vision and Hearing 7016 Brochure"
ManhattanLife,Out-of-Pocket Protection (Gap),GAP,brochure,client,AL,,GAP15-BRSP,0320,AL/Out-of-Pocket Protection (Gap),GAP15-BRSP_0320 (AL Out-of-Pocket Protection (Gap) - Spanish Out-of-Pocket Brochure).pdf,,,from agent portal 2026-09-28: Spanish Out-of-Pocket Brochure
ManhattanLife,Out-of-Pocket Protection (Gap),GAP,brochure,client,AL,,GAP15-BR,0320,AL/Out-of-Pocket Protection (Gap),GAP15-BR_0320 (AL Out-of-Pocket Protection (Gap) - Out-of-Pocket Brochure).pdf,,,from agent portal 2026-09-28: Out-of-Pocket Brochure
ManhattanLife,Affordable Choice,AFC,faq,agent,ALL,AL AR AZ DE FL GA HI IA IL KY LA ME MI MN MO MS MT NC NE NV OH OK RI SC SD TN WI WV WY,AFC-SDR-FAQ,0826,_agent-guides/Affordable Choice,AFC-SDR-FAQ_0826 (29 states Affordable Choice - Affordable Choice with Specified Disease Facts & Questions - AGENT ONLY).pdf,,,from agent portal 2026-09-28: Affordable Choice with Specified Disease Facts & Questions
ManhattanLife,Affordable Choice,AFC,brochure,client,AL,,AFC7010-BRSP,1025,AL/Affordable Choice,AFC7010-BRSP_1025 (AL Affordable Choice - Spanish AFC with Specified Disease Brochure).pdf,,,from agent portal 2026-09-28: Spanish AFC with Specified Disease Brochure
ManhattanLife,Affordable Choice,AFC,brochure,client,AL,,AFC7010-BR,1025,AL/Affordable Choice,AFC7010-BR_1025 (AL Affordable Choice - Affordable Choice Enhanced with Specified Disease Brochure).pdf,,,from agent portal 2026-09-28: Affordable Choice Enhanced with Specified Disease Brochure
ManhattanLife,Dental Vision Hearing Select,DVHS,agent-guide,agent,ALL,AL AR AZ CA CO CT DC DE FL GA IA ID IL IN KS KY LA ME MI MN MO MS NC ND NE NJ NM NV OH OK OR PA SC SD TN TX UT WI WV WY,AGT-DVH,1225,_agent-guides/Dental Vision Hearing Select,AGT-DVH_1225 (40 states Dental Vision Hearing Select - Combo DVH and DVH Select Agent Guide - AGENT ONLY).pdf,,,from agent portal 2026-09-28: Combo DVH and DVH Select Agent Guide
ManhattanLife,Dental Vision Hearing Select,DVHS,brochure,client,AL,,DVHS-BRSP,0425,AL/Dental Vision Hearing Select,DVHS-BRSP_0425 (AL Dental Vision Hearing Select - Spanish DVH Select Brochure).pdf,,,from agent portal 2026-09-28: Spanish DVH Select Brochure
ManhattanLife,Dental Vision Hearing Select,DVHS,brochure,client,AL,,DVHS-BR,0926,AL/Dental Vision Hearing Select,"DVHS-BR_0926 (AL Dental Vision Hearing Select - Dental, Vision and Hearing Select).pdf",,,"from agent portal 2026-09-28: Dental, Vision and Hearing Select"
ManhattanLife,Home Health Care Enhanced,HHC,brochure,client,AL,,HHCE-BRF,0726,AL/Home Health Care Enhanced,HHCE-BRF_0726 (AL Home Health Care Enhanced - Trifold Home Health Care Brochure).pdf,,,from agent portal 2026-09-28: Trifold Home Health Care Brochure
ManhattanLife,Home Health Care Enhanced,HHC,brochure,client,AL,,HHCE-BR,0326,AL/Home Health Care Enhanced,HHCE-BR_0326 (AL Home Health Care Enhanced - Home Health Care Enhanced Brochure).pdf,,,from agent portal 2026-09-28: Home Health Care Enhanced Brochure
ManhattanLife,Home Health Care Enhanced,HHC,brochure,client,AL,,HHCE-SPBR,0326,AL/Home Health Care Enhanced,HHCE-SPBR_0326 (AL Home Health Care Enhanced - Spanish Home Health Care Enhanced Brochure).pdf,,,from agent portal 2026-09-28: Spanish Home Health Care Enhanced Brochure
ManhattanLife,Cancer Heart Attack and Stroke,CHAS,brochure,client,AL,,CHAS-BRSP,0525,AL/Cancer Heart Attack and Stroke,"CHAS-BRSP_0525 (AL Cancer Heart Attack and Stroke - Spanish Cancer, Heart & Stroke Brochure).pdf",,,"from agent portal 2026-09-28: Spanish Cancer, Heart & Stroke Brochure"
ManhattanLife,Cancer Heart Attack and Stroke,CHAS,brochure,client,AL,,CHAS-BR,0525,AL/Cancer Heart Attack and Stroke,"CHAS-BR_0525 (AL Cancer Heart Attack and Stroke - Cancer, Heart & Stroke Brochure).pdf",,,"from agent portal 2026-09-28: Cancer, Heart & Stroke Brochure"
ManhattanLife,Short Term Care (OmniFlex),STC,brochure,client,AL,,STC-BRF,0825,AL/Short Term Care (OmniFlex),STC-BRF_0825 (AL Short Term Care (OmniFlex) - Folded Short Term Care Brochure).pdf,,,from agent portal 2026-09-28: Folded Short Term Care Brochure
ManhattanLife,Short Term Care (OmniFlex),STC,brochure,client,AL,,STC-BR,0525,AL/Short Term Care (OmniFlex),STC-BR_0525 (AL Short Term Care (OmniFlex) - Omni-Flex Short Term Care Brochure).pdf,,,from agent portal 2026-09-28: Omni-Flex Short Term Care Brochure
ManhattanLife,Hospital Indemnity Select,HIS,agent-guide,agent,ALL,AL AR AZ CA CT DC FL GA HI IA IL IN KY LA MD MI MN MO MS NC ND NE NV OH OK OR PA SC SD TN TX UT VA WI WV,AGT-HIS 0126,,_agent-guides/Hospital Indemnity Select,AGT-HIS 0126 (35 states Hospital Indemnity Select - Hospital Indemnity Select Agent Guide - AGENT ONLY).pdf,,,from agent portal 2026-09-28: Hospital Indemnity Select Agent Guide
ManhattanLife,Hospital Indemnity Select,HIS,brochure,client,AL,,HIS-BRSP,0126,AL/Hospital Indemnity Select,HIS-BRSP_0126 (AL Hospital Indemnity Select - Spanish Hospital Indemnity Select Brochure).pdf,,,from agent portal 2026-09-28: Spanish Hospital Indemnity Select Brochure
ManhattanLife,Hospital Indemnity Select,HIS,brochure,client,AL,,HIS-BR,0126,AL/Hospital Indemnity Select,HIS-BR_0126 (AL Hospital Indemnity Select - Hospital Indemnity Select Brochure).pdf,,,from agent portal 2026-09-28: Hospital Indemnity Select Brochure
ManhattanLife,Hospital Indemnity Select,HIS,rates,agent,ALL,AL AR AZ CA CT DC FL GA HI IA IL IN KY LA MD MI MN MO MS NC ND NE NV OH OK OR PA SC SD TN TX UT VA WI WV,HIS_RATES,0725,_rates/Hospital Indemnity Select,HIS_RATES_0725 (35 states Hospital Indemnity Select - Hospital Indemnity Select Rate Guide).pdf,,,from agent portal 2026-09-28: Hospital Indemnity Select Rate Guide
ManhattanLife,Cancer Care Plus,CCP,agent-guide,agent,ALL,AR AZ CO IA IL IN KY LA MO NC ND NE NM OH SC SD TN TX,AGT-CP4000,0216,_agent-guides/Cancer Care Plus,AGT-CP4000_0216 (18 states Cancer Care Plus - Cancer Care Plus Agent Guide - AGENT ONLY).pdf,,,from agent portal 2026-09-28: Cancer Care Plus Agent Guide
ManhattanLife,Cancer Care Plus,CCP,brochure,client,AR,,CCP-BRSP,0420,AR/Cancer Care Plus,CCP-BRSP_0420 (AR Cancer Care Plus - Spanish Cancer Care Plus Brochure).pdf,,,from agent portal 2026-09-28: Spanish Cancer Care Plus Brochure
ManhattanLife,Cancer Care Plus,CCP,brochure,client,AR,,CCP-BR,0420,AR/Cancer Care Plus,CCP-BR_0420 (AR Cancer Care Plus - Cancer Care Plus Brochure).pdf,,,from agent portal 2026-09-28: Cancer Care Plus Brochure
ManhattanLife,Critical Protection and Recovery,CPR,brochure,client,AR,,CPR-BR,0520,AR/Critical Protection and Recovery,CPR-BR_0520 (AR Critical Protection and Recovery - Critical Protection & Recovery Brochure).pdf,,,from agent portal 2026-09-28: Critical Protection & Recovery Brochure
ManhattanLife,Critical Protection and Recovery,CPR,brochure,client,AR,,CPRC-BR,0520,AR/Critical Protection and Recovery,CPRC-BR_0520 (AR Critical Protection and Recovery - Critical Protection & Recovery with Cancer).pdf,,,from agent portal 2026-09-28: Critical Protection & Recovery with Cancer
ManhattanLife,24-Hour Accident,EAEP,brochure,client,AR,,EAEP-BR,0622,AR/24-Hour Accident,EAEP-BR_0622 (AR 24-Hour Accident - 24 Hour Accident Brochure).pdf,,,from agent portal 2026-09-28: 24 Hour Accident Brochure
ManhattanLife,24-Hour Accident,EAEP,brochure,client,AR,,EAEP-SPBR,0622,AR/24-Hour Accident,EAEP-SPBR_0622 (AR 24-Hour Accident - Spanish 24 Hour Accident Brochure).pdf,,,from agent portal 2026-09-28: Spanish 24 Hour Accident Brochure
ManhattanLife,Accident Insurance (PAID Enhanced),PAID,brochure,client,AR,,PAIDEH-BRSP,0524,AR/Accident Insurance (PAID Enhanced),PAIDEH-BRSP_0524 (AR Accident Insurance (PAID Enhanced) - Spanish PAID Enhanced Brochure).pdf,,,from agent portal 2026-09-28: Spanish PAID Enhanced Brochure
ManhattanLife,Accident Insurance (PAID Enhanced),PAID,brochure,client,AR,,PAIDEH-BR,0524,AR/Accident Insurance (PAID Enhanced),PAIDEH-BR_0524 (AR Accident Insurance (PAID Enhanced) - PAID Enhanced Brochure).pdf,,,from agent portal 2026-09-28: PAID Enhanced Brochure
ManhattanLife,Dental Vision Hearing (7016),DVH7016,brochure,client,AR,,DVH7016-ARAZ-BRF,0325,AR/Dental Vision Hearing (7016),DVH7016-ARAZ-BRF_0325 (AR Dental Vision Hearing (7016) - Folded DVH 7016 Brochure).pdf,,,from agent portal 2026-09-28: Folded DVH 7016 Brochure
ManhattanLife,Dental Vision Hearing (7016),DVH7016,brochure,client,AR,,DVH7016-ARAZ-BR,0325,AR/Dental Vision Hearing (7016),"DVH7016-ARAZ-BR_0325 (AR Dental Vision Hearing (7016) - Dental, Vision and Hearing Brochure).pdf",,,"from agent portal 2026-09-28: Dental, Vision and Hearing Brochure"
ManhattanLife,Dental Vision Hearing (7016),DVH7016,brochure,client,AR,,DVH7016ARAZ-BRFSP0325,,AR/Dental Vision Hearing (7016),DVH7016ARAZ-BRFSP0325 (AR Dental Vision Hearing (7016) - Folded DVH7016 Brochure).pdf,,,from agent portal 2026-09-28: Folded DVH7016 Brochure
ManhattanLife,Dental Vision Hearing (7016),DVH7016,brochure,client,AR,,DVH7016ARAZ-BRSP0325,,AR/Dental Vision Hearing (7016),DVH7016ARAZ-BRSP0325 (AR Dental Vision Hearing (7016) - Spanish DVH7016 Brochure).pdf,,,from agent portal 2026-09-28: Spanish DVH7016 Brochure
ManhattanLife,Out-of-Pocket Protection (Gap),GAP,brochure,client,AR,,GAP15-BRSP,0320,AR/Out-of-Pocket Protection (Gap),GAP15-BRSP_0320 (AR Out-of-Pocket Protection (Gap) - Spanish Out-of-Pocket Brochure).pdf,,,from agent portal 2026-09-28: Spanish Out-of-Pocket Brochure
ManhattanLife,Out-of-Pocket Protection (Gap),GAP,brochure,client,AR,,GAP15-BR,0320,AR/Out-of-Pocket Protection (Gap),GAP15-BR_0320 (AR Out-of-Pocket Protection (Gap) - Out-of-Pocket Brochure).pdf,,,from agent portal 2026-09-28: Out-of-Pocket Brochure
ManhattanLife,Affordable Choice,AFC,brochure,client,AR,,AFC7010-BRSP,1025,AR/Affordable Choice,AFC7010-BRSP_1025 (AR Affordable Choice - Spanish AFC with Specified Disease Brochure).pdf,,,from agent portal 2026-09-28: Spanish AFC with Specified Disease Brochure
ManhattanLife,Affordable Choice,AFC,brochure,client,AR,,AFC7010-BR,1025,AR/Affordable Choice,AFC7010-BR_1025 (AR Affordable Choice - Affordable Choice Enhanced with Specified Disease Brochure).pdf,,,from agent portal 2026-09-28: Affordable Choice Enhanced with Specified Disease Brochure
ManhattanLife,Dental Vision Hearing Select,DVHS,brochure,client,AR,,DVHS-BRSP,0425,AR/Dental Vision Hearing Select,DVHS-BRSP_0425 (AR Dental Vision Hearing Select - Spanish DVH Select Brochure).pdf,,,from agent portal 2026-09-28: Spanish DVH Select Brochure
ManhattanLife,Dental Vision Hearing Select,DVHS,brochure,client,AR,,DVHS-BR,0926,AR/Dental Vision Hearing Select,"DVHS-BR_0926 (AR Dental Vision Hearing Select - Dental, Vision and Hearing Select).pdf",,,"from agent portal 2026-09-28: Dental, Vision and Hearing Select"
ManhattanLife,Home Health Care Enhanced,HHC,brochure,client,AR,,HHCE-BRF,0726,AR/Home Health Care Enhanced,HHCE-BRF_0726 (AR Home Health Care Enhanced - Trifold Home Health Care Brochure).pdf,,,from agent portal 2026-09-28: Trifold Home Health Care Brochure
ManhattanLife,Home Health Care Enhanced,HHC,brochure,client,AR,,HHCE-BR,0326,AR/Home Health Care Enhanced,HHCE-BR_0326 (AR Home Health Care Enhanced - Home Health Care Enhanced Brochure).pdf,,,from agent portal 2026-09-28: Home Health Care Enhanced Brochure
ManhattanLife,Home Health Care Enhanced,HHC,brochure,client,AR,,HHCE-SPBR,0326,AR/Home Health Care Enhanced,HHCE-SPBR_0326 (AR Home Health Care Enhanced - Spanish Home Health Care Enhanced Brochure).pdf,,,from agent portal 2026-09-28: Spanish Home Health Care Enhanced Brochure
ManhattanLife,Cancer Heart Attack and Stroke,CHAS,brochure,client,AR,,CHAS-BRSP,0525,AR/Cancer Heart Attack and Stroke,"CHAS-BRSP_0525 (AR Cancer Heart Attack and Stroke - Spanish Cancer, Heart & Stroke Brochure).pdf",,,"from agent portal 2026-09-28: Spanish Cancer, Heart & Stroke Brochure"
ManhattanLife,Cancer Heart Attack and Stroke,CHAS,brochure,client,AR,,CHAS-BR,0525,AR/Cancer Heart Attack and Stroke,"CHAS-BR_0525 (AR Cancer Heart Attack and Stroke - Cancer, Heart & Stroke Brochure).pdf",,,"from agent portal 2026-09-28: Cancer, Heart & Stroke Brochure"
ManhattanLife,Short Term Care (OmniFlex),STC,brochure,client,AR,,STC-BRF,0825,AR/Short Term Care (OmniFlex),STC-BRF_0825 (AR Short Term Care (OmniFlex) - Folded Short Term Care Brochure).pdf,,,from agent portal 2026-09-28: Folded Short Term Care Brochure
ManhattanLife,Short Term Care (OmniFlex),STC,brochure,client,AR,,STC-BR,0525,AR/Short Term Care (OmniFlex),STC-BR_0525 (AR Short Term Care (OmniFlex) - Omni-Flex Short Term Care Brochure).pdf,,,from agent portal 2026-09-28: Omni-Flex Short Term Care Brochure
ManhattanLife,Hospital Indemnity Select,HIS,brochure,client,AR,,HIS-BRSP,0126,AR/Hospital Indemnity Select,HIS-BRSP_0126 (AR Hospital Indemnity Select - Spanish Hospital Indemnity Select Brochure).pdf,,,from agent portal 2026-09-28: Spanish Hospital Indemnity Select Brochure
ManhattanLife,Hospital Indemnity Select,HIS,brochure,client,AR,,HIS-BR,0126,AR/Hospital Indemnity Select,HIS-BR_0126 (AR Hospital Indemnity Select - Hospital Indemnity Select Brochure).pdf,,,from agent portal 2026-09-28: Hospital Indemnity Select Brochure
ManhattanLife,Cancer Care Plus,CCP,brochure,client,AZ,,CCP-BRSP,0420,AZ/Cancer Care Plus,CCP-BRSP_0420 (AZ Cancer Care Plus - Spanish Cancer Care Plus Brochure).pdf,,,from agent portal 2026-09-28: Spanish Cancer Care Plus Brochure
ManhattanLife,Cancer Care Plus,CCP,brochure,client,AZ,,CCP-BR,0420,AZ/Cancer Care Plus,CCP-BR_0420 (AZ Cancer Care Plus - Cancer Care Plus Brochure).pdf,,,from agent portal 2026-09-28: Cancer Care Plus Brochure
ManhattanLife,Critical Protection and Recovery,CPR,brochure,client,AZ,,CPR-BR,0520,AZ/Critical Protection and Recovery,CPR-BR_0520 (AZ Critical Protection and Recovery - Critical Protection & Recovery Brochure).pdf,,,from agent portal 2026-09-28: Critical Protection & Recovery Brochure
ManhattanLife,Critical Protection and Recovery,CPR,brochure,client,AZ,,CPRC-BR,0520,AZ/Critical Protection and Recovery,CPRC-BR_0520 (AZ Critical Protection and Recovery - Critical Protection & Recovery with Cancer).pdf,,,from agent portal 2026-09-28: Critical Protection & Recovery with Cancer
ManhattanLife,24-Hour Accident,EAEP,brochure,client,AZ,,EAEP-AZ-BR,0622,AZ/24-Hour Accident,EAEP-AZ-BR_0622 (AZ 24-Hour Accident - 24 Hour Accident Brochure).pdf,,,from agent portal 2026-09-28: 24 Hour Accident Brochure
ManhattanLife,Accident Insurance (PAID Enhanced),PAID,agent-guide,agent,ALL,AZ FL MD NM,PAID-AGT,0415,_agent-guides/Accident Insurance (PAID Enhanced),PAID-AGT_0415 (4 states Accident Insurance (PAID Enhanced) - PAID Accident Agent Guide - AGENT ONLY).pdf,,,from agent portal 2026-09-28: PAID Accident Agent Guide
ManhattanLife,Accident Insurance (PAID Enhanced),PAID,brochure,client,AZ,,PAID13AZCAIDNMVA-BR,0420,AZ/Accident Insurance (PAID Enhanced),PAID13AZCAIDNMVA-BR_0420 (AZ Accident Insurance (PAID Enhanced) - PAID Brochure).pdf,,,from agent portal 2026-09-28: PAID Brochure
ManhattanLife,Dental Vision Hearing (7016),DVH7016,brochure,client,AZ,,DVH7016-ARAZ-BRF,0325,AZ/Dental Vision Hearing (7016),DVH7016-ARAZ-BRF_0325 (AZ Dental Vision Hearing (7016) - Folded DVH 7016 Brochure).pdf,,,from agent portal 2026-09-28: Folded DVH 7016 Brochure
ManhattanLife,Dental Vision Hearing (7016),DVH7016,brochure,client,AZ,,DVH7016-ARAZ-BR,0325,AZ/Dental Vision Hearing (7016),"DVH7016-ARAZ-BR_0325 (AZ Dental Vision Hearing (7016) - Dental, Vision and Hearing Brochure).pdf",,,"from agent portal 2026-09-28: Dental, Vision and Hearing Brochure"
ManhattanLife,Dental Vision Hearing (7016),DVH7016,brochure,client,AZ,,DVH7016ARAZ-BRFSP0325,,AZ/Dental Vision Hearing (7016),DVH7016ARAZ-BRFSP0325 (AZ Dental Vision Hearing (7016) - Folded DVH7016 Brochure).pdf,,,from agent portal 2026-09-28: Folded DVH7016 Brochure
ManhattanLife,Dental Vision Hearing (7016),DVH7016,brochure,client,AZ,,DVH7016ARAZ-BRSP0325,,AZ/Dental Vision Hearing (7016),DVH7016ARAZ-BRSP0325 (AZ Dental Vision Hearing (7016) - Spanish DVH7016 Brochure).pdf,,,from agent portal 2026-09-28: Spanish DVH7016 Brochure
ManhattanLife,Out-of-Pocket Protection (Gap),GAP,brochure,client,AZ,,GAP15-BRSP,0320,AZ/Out-of-Pocket Protection (Gap),GAP15-BRSP_0320 (AZ Out-of-Pocket Protection (Gap) - Spanish Out-of-Pocket Brochure).pdf,,,from agent portal 2026-09-28: Spanish Out-of-Pocket Brochure
ManhattanLife,Out-of-Pocket Protection (Gap),GAP,brochure,client,AZ,,GAP15-BR,0320,AZ/Out-of-Pocket Protection (Gap),GAP15-BR_0320 (AZ Out-of-Pocket Protection (Gap) - Out-of-Pocket Brochure).pdf,,,from agent portal 2026-09-28: Out-of-Pocket Brochure
ManhattanLife,Affordable Choice,AFC,brochure,client,AZ,,AFC7010-BRSP,1025,AZ/Affordable Choice,AFC7010-BRSP_1025 (AZ Affordable Choice - Spanish AFC with Specified Disease Brochure).pdf,,,from agent portal 2026-09-28: Spanish AFC with Specified Disease Brochure
ManhattanLife,Affordable Choice,AFC,brochure,client,AZ,,AFC7010-BR,1025,AZ/Affordable Choice,AFC7010-BR_1025 (AZ Affordable Choice - Affordable Choice Enhanced with Specified Disease Brochure).pdf,,,from agent portal 2026-09-28: Affordable Choice Enhanced with Specified Disease Brochure
ManhattanLife,Dental Vision Hearing Select,DVHS,brochure,client,AZ,,DVHS-BRSP,0425,AZ/Dental Vision Hearing Select,DVHS-BRSP_0425 (AZ Dental Vision Hearing Select - Spanish DVH Select Brochure).pdf,,,from agent portal 2026-09-28: Spanish DVH Select Brochure
ManhattanLife,Dental Vision Hearing Select,DVHS,brochure,client,AZ,,DVHS-BR,0926,AZ/Dental Vision Hearing Select,"DVHS-BR_0926 (AZ Dental Vision Hearing Select - Dental, Vision and Hearing Select).pdf",,,"from agent portal 2026-09-28: Dental, Vision and Hearing Select"
ManhattanLife,Home Health Care Enhanced,HHC,brochure,client,AZ,,HHCE-BRF,0726,AZ/Home Health Care Enhanced,HHCE-BRF_0726 (AZ Home Health Care Enhanced - Trifold Home Health Care Brochure).pdf,,,from agent portal 2026-09-28: Trifold Home Health Care Brochure
ManhattanLife,Home Health Care Enhanced,HHC,brochure,client,AZ,,HHCE-BR,0326,AZ/Home Health Care Enhanced,HHCE-BR_0326 (AZ Home Health Care Enhanced - Home Health Care Enhanced Brochure).pdf,,,from agent portal 2026-09-28: Home Health Care Enhanced Brochure
ManhattanLife,Home Health Care Enhanced,HHC,brochure,client,AZ,,HHCE-SPBR,0326,AZ/Home Health Care Enhanced,HHCE-SPBR_0326 (AZ Home Health Care Enhanced - Spanish Home Health Care Enhanced Brochure).pdf,,,from agent portal 2026-09-28: Spanish Home Health Care Enhanced Brochure
ManhattanLife,Cancer Heart Attack and Stroke,CHAS,brochure,client,AZ,,CHAS-BRSP,0525,AZ/Cancer Heart Attack and Stroke,"CHAS-BRSP_0525 (AZ Cancer Heart Attack and Stroke - Spanish Cancer, Heart & Stroke Brochure).pdf",,,"from agent portal 2026-09-28: Spanish Cancer, Heart & Stroke Brochure"
ManhattanLife,Cancer Heart Attack and Stroke,CHAS,brochure,client,AZ,,CHAS-BR,0525,AZ/Cancer Heart Attack and Stroke,"CHAS-BR_0525 (AZ Cancer Heart Attack and Stroke - Cancer, Heart & Stroke Brochure).pdf",,,"from agent portal 2026-09-28: Cancer, Heart & Stroke Brochure"
ManhattanLife,Short Term Care (OmniFlex),STC,brochure,client,AZ,,STC-BRF,0825,AZ/Short Term Care (OmniFlex),STC-BRF_0825 (AZ Short Term Care (OmniFlex) - Folded Short Term Care Brochure).pdf,,,from agent portal 2026-09-28: Folded Short Term Care Brochure
ManhattanLife,Short Term Care (OmniFlex),STC,brochure,client,AZ,,STC-BR,0525,AZ/Short Term Care (OmniFlex),STC-BR_0525 (AZ Short Term Care (OmniFlex) - Omni-Flex Short Term Care Brochure).pdf,,,from agent portal 2026-09-28: Omni-Flex Short Term Care Brochure
ManhattanLife,Hospital Indemnity Select,HIS,brochure,client,AZ,,HIS-BRSP,0126,AZ/Hospital Indemnity Select,HIS-BRSP_0126 (AZ Hospital Indemnity Select - Spanish Hospital Indemnity Select Brochure).pdf,,,from agent portal 2026-09-28: Spanish Hospital Indemnity Select Brochure
ManhattanLife,Hospital Indemnity Select,HIS,brochure,client,AZ,,HIS-BR,0126,AZ/Hospital Indemnity Select,HIS-BR_0126 (AZ Hospital Indemnity Select - Hospital Indemnity Select Brochure).pdf,,,from agent portal 2026-09-28: Hospital Indemnity Select Brochure
ManhattanLife,Cancer Care Plus,CCP,brochure,client,CA,,CCP-BRSP,0420,CA/Cancer Care Plus,CCP-BRSP_0420 (CA Cancer Care Plus - Spanish Cancer Care Plus Brochure).pdf,,,from agent portal 2026-09-28: Spanish Cancer Care Plus Brochure
ManhattanLife,Cancer Care Plus,CCP,brochure,client,CA,,CCP-BR,0420,CA/Cancer Care Plus,CCP-BR_0420 (CA Cancer Care Plus - Cancer Care Plus Brochure).pdf,,,from agent portal 2026-09-28: Cancer Care Plus Brochure
ManhattanLife,Cancer Care Plus,CCP,agent-guide,agent,CA,,CP4000-AGT,1211-CA,_agent-guides/Cancer Care Plus,CP4000-AGT_1211-CA (CA Cancer Care Plus - CP4000 Limited Cancer and Dread Disease Agent Guide - AGENT ONLY).pdf,,,from agent portal 2026-09-28: CP4000 Limited Cancer and Dread Disease Agent Guide
ManhattanLife,Critical Protection and Recovery,CPR,brochure,client,CA,,CPR-CAMT-BR,0520,CA/Critical Protection and Recovery,CPR-CAMT-BR_0520 (CA Critical Protection and Recovery - Critical Protection and Recovery Brochure).pdf,,,from agent portal 2026-09-28: Critical Protection and Recovery Brochure
ManhattanLife,Critical Protection and Recovery,CPR,rates,agent,ALL,CA MT VA,CPR-CAMTVA_RATES,0520,_rates/Critical Protection and Recovery,CPR-CAMTVA_RATES_0520 (3 states Critical Protection and Recovery - CPR Payroll-Bankdraft Rates).pdf,,,from agent portal 2026-09-28: CPR Payroll-Bankdraft Rates
ManhattanLife,Accident Insurance (PAID Enhanced),PAID,brochure,client,CA,,PAIDEH-BRSP,0524,CA/Accident Insurance (PAID Enhanced),PAIDEH-BRSP_0524 (CA Accident Insurance (PAID Enhanced) - Spanish PAID Enhanced Brochure).pdf,,,from agent portal 2026-09-28: Spanish PAID Enhanced Brochure
ManhattanLife,Accident Insurance (PAID Enhanced),PAID,brochure,client,CA,,PAIDEH-BR,0524,CA/Accident Insurance (PAID Enhanced),PAIDEH-BR_0524 (CA Accident Insurance (PAID Enhanced) - PAID Enhanced Brochure).pdf,,,from agent portal 2026-09-28: PAID Enhanced Brochure
ManhattanLife,Dental Vision Hearing (7016),DVH7016,brochure,client,CA,,DVH7016-CA-BRFSP,0126,CA/Dental Vision Hearing (7016),DVH7016-CA-BRFSP_0126 (CA Dental Vision Hearing (7016) - Spanish Folded DVH Brochure).pdf,,,from agent portal 2026-09-28: Spanish Folded DVH Brochure
ManhattanLife,Dental Vision Hearing (7016),DVH7016,brochure,client,CA,,DVH7016-CA-BRF,0126,CA/Dental Vision Hearing (7016),"DVH7016-CA-BRF_0126 (CA Dental Vision Hearing (7016) - Folded Dental, Vision & Hearing Brochure).pdf",,,"from agent portal 2026-09-28: Folded Dental, Vision & Hearing Brochure"
ManhattanLife,Dental Vision Hearing (7016),DVH7016,brochure,client,CA,,DVH7016-CA-BRSP,0126,CA/Dental Vision Hearing (7016),"DVH7016-CA-BRSP_0126 (CA Dental Vision Hearing (7016) - Spanish Dental, Vision & Hearing Brochure).pdf",,,"from agent portal 2026-09-28: Spanish Dental, Vision & Hearing Brochure"
ManhattanLife,Dental Vision Hearing (7016),DVH7016,brochure,client,CA,,DVH7016-CA-BR,0126,CA/Dental Vision Hearing (7016),"DVH7016-CA-BR_0126 (CA Dental Vision Hearing (7016) - Dental, Vision, & Hearing Brochure).pdf",,,"from agent portal 2026-09-28: Dental, Vision, & Hearing Brochure"
ManhattanLife,Out-of-Pocket Protection (Gap),GAP,rates,agent,CA,,GAP-CA_RATES,0320,_rates/Out-of-Pocket Protection (Gap),GAP-CA_RATES_0320 (CA Out-of-Pocket Protection (Gap) - Out-of-Pocket Rates).pdf,,,from agent portal 2026-09-28: Out-of-Pocket Rates
ManhattanLife,Out-of-Pocket Protection (Gap),GAP,brochure,client,CA,,GAP15-BRSP,0320,CA/Out-of-Pocket Protection (Gap),GAP15-BRSP_0320 (CA Out-of-Pocket Protection (Gap) - Spanish Out-of-Pocket Brochure).pdf,,,from agent portal 2026-09-28: Spanish Out-of-Pocket Brochure
ManhattanLife,Out-of-Pocket Protection (Gap),GAP,brochure,client,CA,,GAP15-BR,0320,CA/Out-of-Pocket Protection (Gap),GAP15-BR_0320 (CA Out-of-Pocket Protection (Gap) - Out-of-Pocket Brochure).pdf,,,from agent portal 2026-09-28: Out-of-Pocket Brochure
ManhattanLife,Affordable Choice,AFC,brochure,client,CA,,AFC7010-CA-BRSP,0424,CA/Affordable Choice,AFC7010-CA-BRSP_0424 (CA Affordable Choice - Spanish Affordable Choice 7010 Brochure).pdf,,,from agent portal 2026-09-28: Spanish Affordable Choice 7010 Brochure
ManhattanLife,Affordable Choice,AFC,brochure,client,CA,,AFC7010-CA-BR,0424,CA/Affordable Choice,AFC7010-CA-BR_0424 (CA Affordable Choice - Affordable Choice 7010 Brochure).pdf,,,from agent portal 2026-09-28: Affordable Choice 7010 Brochure
ManhattanLife,Dental Vision Hearing Select,DVHS,brochure,client,CA,,DVHS-CAKSTXBRSP,1225,CA/Dental Vision Hearing Select,"DVHS-CAKSTXBRSP_1225 (CA Dental Vision Hearing Select - Spanish Dental, Vision & Hearing Brochure).pdf",,,"from agent portal 2026-09-28: Spanish Dental, Vision & Hearing Brochure"
ManhattanLife,Dental Vision Hearing Select,DVHS,brochure,client,CA,,DVHS-CAKSTXBR,1225,CA/Dental Vision Hearing Select,"DVHS-CAKSTXBR_1225 (CA Dental Vision Hearing Select - Dental, Vision & Hearing Select Brochure).pdf",,,"from agent portal 2026-09-28: Dental, Vision & Hearing Select Brochure"
ManhattanLife,Cancer Heart Attack and Stroke,CHAS,brochure,client,CA,,CHAS-CABRSP,0525,CA/Cancer Heart Attack and Stroke,"CHAS-CABRSP_0525 (CA Cancer Heart Attack and Stroke - Spanish Cancer, Heart & Stroke Brochure).pdf",,,"from agent portal 2026-09-28: Spanish Cancer, Heart & Stroke Brochure"
ManhattanLife,Cancer Heart Attack and Stroke,CHAS,brochure,client,CA,,CHAS-CABR,0525,CA/Cancer Heart Attack and Stroke,"CHAS-CABR_0525 (CA Cancer Heart Attack and Stroke - Cancer, Heart & Stroke Brochure).pdf",,,"from agent portal 2026-09-28: Cancer, Heart & Stroke Brochure"
ManhattanLife,Hospital Indemnity Select,HIS,brochure,client,CA,,HIS-BRSP,0126,CA/Hospital Indemnity Select,HIS-BRSP_0126 (CA Hospital Indemnity Select - Spanish Hospital Indemnity Select Brochure).pdf,,,from agent portal 2026-09-28: Spanish Hospital Indemnity Select Brochure
ManhattanLife,Hospital Indemnity Select,HIS,brochure,client,CA,,HIS-BR,0126,CA/Hospital Indemnity Select,HIS-BR_0126 (CA Hospital Indemnity Select - Hospital Indemnity Select Brochure).pdf,,,from agent portal 2026-09-28: Hospital Indemnity Select Brochure
ManhattanLife,Cancer Care Plus,CCP,brochure,client,CO,,CCP-BRSP,0420,CO/Cancer Care Plus,CCP-BRSP_0420 (CO Cancer Care Plus - Spanish Cancer Care Plus Brochure).pdf,,,from agent portal 2026-09-28: Spanish Cancer Care Plus Brochure
ManhattanLife,Cancer Care Plus,CCP,brochure,client,CO,,CCP-BR,0420,CO/Cancer Care Plus,CCP-BR_0420 (CO Cancer Care Plus - Cancer Care Plus Brochure).pdf,,,from agent portal 2026-09-28: Cancer Care Plus Brochure
ManhattanLife,Critical Protection and Recovery,CPR,brochure,client,CO,,CPR-BR,0520,CO/Critical Protection and Recovery,CPR-BR_0520 (CO Critical Protection and Recovery - Critical Protection & Recovery Brochure).pdf,,,from agent portal 2026-09-28: Critical Protection & Recovery Brochure
ManhattanLife,Critical Protection and Recovery,CPR,brochure,client,CO,,CPRC-BR,0520,CO/Critical Protection and Recovery,CPRC-BR_0520 (CO Critical Protection and Recovery - Critical Protection & Recovery with Cancer).pdf,,,from agent portal 2026-09-28: Critical Protection & Recovery with Cancer
ManhattanLife,Accident Insurance (PAID Enhanced),PAID,brochure,client,CO,,PAIDEH-BRSP,0223,CO/Accident Insurance (PAID Enhanced),PAIDEH-BRSP_0223 (CO Accident Insurance (PAID Enhanced) - Spanish PAID Enhance Brochure).pdf,,,from agent portal 2026-09-28: Spanish PAID Enhance Brochure
ManhattanLife,Accident Insurance (PAID Enhanced),PAID,brochure,client,CO,,PAIDEH-BR,0223,CO/Accident Insurance (PAID Enhanced),PAIDEH-BR_0223 (CO Accident Insurance (PAID Enhanced) - PAID Enhanced Brochure).pdf,,,from agent portal 2026-09-28: PAID Enhanced Brochure
ManhattanLife,Dental Vision Hearing (7016),DVH7016,brochure,client,CO,,DVH-CO-BR-0123,,CO/Dental Vision Hearing (7016),"DVH-CO-BR-0123 (CO Dental Vision Hearing (7016) - Dental, Vision & Hearing Brochure).pdf",,,"from agent portal 2026-09-28: Dental, Vision & Hearing Brochure"
ManhattanLife,Dental Vision Hearing (7016),DVH7016,brochure,client,CO,,DVH-CO-BRF-0123,,CO/Dental Vision Hearing (7016),"DVH-CO-BRF-0123 (CO Dental Vision Hearing (7016) - Folded Dental,Vision & Hearing Brochure).pdf",,,"from agent portal 2026-09-28: Folded Dental,Vision & Hearing Brochure"
ManhattanLife,Dental Vision Hearing (7016),DVH7016,brochure,client,CO,,DVH-CO-BRFSP-0123,,CO/Dental Vision Hearing (7016),DVH-CO-BRFSP-0123 (CO Dental Vision Hearing (7016) - Spanish Folded DVH brochure).pdf,,,from agent portal 2026-09-28: Spanish Folded DVH brochure
ManhattanLife,Dental Vision Hearing (7016),DVH7016,brochure,client,CO,,DVH-CO-BRSP-0123,,CO/Dental Vision Hearing (7016),"DVH-CO-BRSP-0123 (CO Dental Vision Hearing (7016) - Spanish Dental,Vision & Hearing Brochure).pdf",,,"from agent portal 2026-09-28: Spanish Dental,Vision & Hearing Brochure"
ManhattanLife,Dental Vision Hearing Select,DVHS,brochure,client,CO,,DVHS-BRSP,0425,CO/Dental Vision Hearing Select,DVHS-BRSP_0425 (CO Dental Vision Hearing Select - Spanish DVH Select Brochure).pdf,,,from agent portal 2026-09-28: Spanish DVH Select Brochure
ManhattanLife,Dental Vision Hearing Select,DVHS,brochure,client,CO,,DVHS-BR,0926,CO/Dental Vision Hearing Select,"DVHS-BR_0926 (CO Dental Vision Hearing Select - Dental, Vision and Hearing Select).pdf",,,"from agent portal 2026-09-28: Dental, Vision and Hearing Select"
ManhattanLife,Home Health Care Enhanced,HHC,brochure,client,CO,,HHCE-BRF,0726,CO/Home Health Care Enhanced,HHCE-BRF_0726 (CO Home Health Care Enhanced - Trifold Home Health Care Brochure).pdf,,,from agent portal 2026-09-28: Trifold Home Health Care Brochure
ManhattanLife,Home Health Care Enhanced,HHC,brochure,client,CO,,HHCE-BR,0326,CO/Home Health Care Enhanced,HHCE-BR_0326 (CO Home Health Care Enhanced - Home Health Care Enhanced Brochure).pdf,,,from agent portal 2026-09-28: Home Health Care Enhanced Brochure
ManhattanLife,Home Health Care Enhanced,HHC,brochure,client,CO,,HHCE-SPBR,0326,CO/Home Health Care Enhanced,HHCE-SPBR_0326 (CO Home Health Care Enhanced - Spanish Home Health Care Enhanced Brochure).pdf,,,from agent portal 2026-09-28: Spanish Home Health Care Enhanced Brochure
ManhattanLife,Cancer Heart Attack and Stroke,CHAS,brochure,client,CO,,CHAS-CO_BR,0726,CO/Cancer Heart Attack and Stroke,"CHAS-CO_BR_0726 (CO Cancer Heart Attack and Stroke - Cancer, Heart & Stroke Brochure).pdf",,,"from agent portal 2026-09-28: Cancer, Heart & Stroke Brochure"
ManhattanLife,Short Term Care (OmniFlex),STC,brochure,client,CO,,STC-BRF,0825,CO/Short Term Care (OmniFlex),STC-BRF_0825 (CO Short Term Care (OmniFlex) - Folded Short Term Care Brochure).pdf,,,from agent portal 2026-09-28: Folded Short Term Care Brochure
ManhattanLife,Short Term Care (OmniFlex),STC,brochure,client,CO,,STC-BR,0525,CO/Short Term Care (OmniFlex),STC-BR_0525 (CO Short Term Care (OmniFlex) - Omni-Flex Short Term Care Brochure).pdf,,,from agent portal 2026-09-28: Omni-Flex Short Term Care Brochure
ManhattanLife,24-Hour Accident,EAEP,brochure,client,CT,,EAEP-CT-BR,0825,CT/24-Hour Accident,EAEP-CT-BR_0825 (CT 24-Hour Accident - 24 Hour Accident Brochure).pdf,,,from agent portal 2026-09-28: 24 Hour Accident Brochure
ManhattanLife,Accident Insurance (PAID Enhanced),PAID,brochure,client,CT,,PAIDEH-BRSP,0524,CT/Accident Insurance (PAID Enhanced),PAIDEH-BRSP_0524 (CT Accident Insurance (PAID Enhanced) - Spanish PAID Enhanced Brochure).pdf,,,from agent portal 2026-09-28: Spanish PAID Enhanced Brochure
ManhattanLife,Accident Insurance (PAID Enhanced),PAID,brochure,client,CT,,PAIDEH-BR,0524,CT/Accident Insurance (PAID Enhanced),PAIDEH-BR_0524 (CT Accident Insurance (PAID Enhanced) - PAID Enhanced Brochure).pdf,,,from agent portal 2026-09-28: PAID Enhanced Brochure
ManhattanLife,Dental Vision Hearing Select,DVHS,brochure,client,CT,,DVHS-BRSP,0425,CT/Dental Vision Hearing Select,DVHS-BRSP_0425 (CT Dental Vision Hearing Select - Spanish DVH Select Brochure).pdf,,,from agent portal 2026-09-28: Spanish DVH Select Brochure
ManhattanLife,Dental Vision Hearing Select,DVHS,brochure,client,CT,,DVHS-BR,0926,CT/Dental Vision Hearing Select,"DVHS-BR_0926 (CT Dental Vision Hearing Select - Dental, Vision and Hearing Select).pdf",,,"from agent portal 2026-09-28: Dental, Vision and Hearing Select"
ManhattanLife,Cancer Heart Attack and Stroke,CHAS,brochure,client,CT,,CHAS-CTBR,0525,CT/Cancer Heart Attack and Stroke,"CHAS-CTBR_0525 (CT Cancer Heart Attack and Stroke - Cancer, Heart & Stroke Brochure).pdf",,,"from agent portal 2026-09-28: Cancer, Heart & Stroke Brochure"
ManhattanLife,Hospital Indemnity Select,HIS,brochure,client,CT,,HIS-BRSP,0126,CT/Hospital Indemnity Select,HIS-BRSP_0126 (CT Hospital Indemnity Select - Spanish Hospital Indemnity Select Brochure).pdf,,,from agent portal 2026-09-28: Spanish Hospital Indemnity Select Brochure
ManhattanLife,Hospital Indemnity Select,HIS,brochure,client,CT,,HIS-BR,0126,CT/Hospital Indemnity Select,HIS-BR_0126 (CT Hospital Indemnity Select - Hospital Indemnity Select Brochure).pdf,,,from agent portal 2026-09-28: Hospital Indemnity Select Brochure
ManhattanLife,Dental Vision Hearing Select,DVHS,brochure,client,DC,,DVHS-BRSP,0425,DC/Dental Vision Hearing Select,DVHS-BRSP_0425 (DC Dental Vision Hearing Select - Spanish DVH Select Brochure).pdf,,,from agent portal 2026-09-28: Spanish DVH Select Brochure
ManhattanLife,Dental Vision Hearing Select,DVHS,brochure,client,DC,,DVHS-BR,0926,DC/Dental Vision Hearing Select,"DVHS-BR_0926 (DC Dental Vision Hearing Select - Dental, Vision and Hearing Select).pdf",,,"from agent portal 2026-09-28: Dental, Vision and Hearing Select"
ManhattanLife,Home Health Care Enhanced,HHC,brochure,client,DC,,HHCE-BRF,0726,DC/Home Health Care Enhanced,HHCE-BRF_0726 (DC Home Health Care Enhanced - Trifold Home Health Care Brochure).pdf,,,from agent portal 2026-09-28: Trifold Home Health Care Brochure
ManhattanLife,Home Health Care Enhanced,HHC,brochure,client,DC,,HHCE-BR,0326,DC/Home Health Care Enhanced,HHCE-BR_0326 (DC Home Health Care Enhanced - Home Health Care Enhanced Brochure).pdf,,,from agent portal 2026-09-28: Home Health Care Enhanced Brochure
ManhattanLife,Home Health Care Enhanced,HHC,brochure,client,DC,,HHCE-SPBR,0326,DC/Home Health Care Enhanced,HHCE-SPBR_0326 (DC Home Health Care Enhanced - Spanish Home Health Care Enhanced Brochure).pdf,,,from agent portal 2026-09-28: Spanish Home Health Care Enhanced Brochure
ManhattanLife,Cancer Heart Attack and Stroke,CHAS,brochure,client,DC,,CHAS-BRSP,0525,DC/Cancer Heart Attack and Stroke,"CHAS-BRSP_0525 (DC Cancer Heart Attack and Stroke - Spanish Cancer, Heart & Stroke Brochure).pdf",,,"from agent portal 2026-09-28: Spanish Cancer, Heart & Stroke Brochure"
ManhattanLife,Cancer Heart Attack and Stroke,CHAS,brochure,client,DC,,CHAS-BR,0525,DC/Cancer Heart Attack and Stroke,"CHAS-BR_0525 (DC Cancer Heart Attack and Stroke - Cancer, Heart & Stroke Brochure).pdf",,,"from agent portal 2026-09-28: Cancer, Heart & Stroke Brochure"
ManhattanLife,Short Term Care (OmniFlex),STC,brochure,client,DC,,STC-BRF,0825,DC/Short Term Care (OmniFlex),STC-BRF_0825 (DC Short Term Care (OmniFlex) - Folded Short Term Care Brochure).pdf,,,from agent portal 2026-09-28: Folded Short Term Care Brochure
ManhattanLife,Short Term Care (OmniFlex),STC,brochure,client,DC,,STC-BR,0525,DC/Short Term Care (OmniFlex),STC-BR_0525 (DC Short Term Care (OmniFlex) - Omni-Flex Short Term Care Brochure).pdf,,,from agent portal 2026-09-28: Omni-Flex Short Term Care Brochure
ManhattanLife,Hospital Indemnity Select,HIS,brochure,client,DC,,HIS-BRSP,0126,DC/Hospital Indemnity Select,HIS-BRSP_0126 (DC Hospital Indemnity Select - Spanish Hospital Indemnity Select Brochure).pdf,,,from agent portal 2026-09-28: Spanish Hospital Indemnity Select Brochure
ManhattanLife,Hospital Indemnity Select,HIS,brochure,client,DC,,HIS-BR,0126,DC/Hospital Indemnity Select,HIS-BR_0126 (DC Hospital Indemnity Select - Hospital Indemnity Select Brochure).pdf,,,from agent portal 2026-09-28: Hospital Indemnity Select Brochure
ManhattanLife,Accident Insurance (PAID Enhanced),PAID,brochure,client,DE,,PAIDEH-BRSP,0223,DE/Accident Insurance (PAID Enhanced),PAIDEH-BRSP_0223 (DE Accident Insurance (PAID Enhanced) - Spanish PAID Enhance Brochure).pdf,,,from agent portal 2026-09-28: Spanish PAID Enhance Brochure
ManhattanLife,Accident Insurance (PAID Enhanced),PAID,brochure,client,DE,,PAIDEH-BR,0223,DE/Accident Insurance (PAID Enhanced),PAIDEH-BR_0223 (DE Accident Insurance (PAID Enhanced) - PAID Enhanced Brochure).pdf,,,from agent portal 2026-09-28: PAID Enhanced Brochure
ManhattanLife,Dental Vision Hearing (7016),DVH7016,brochure,client,DE,,DVH7016-DE-BR-0923,,DE/Dental Vision Hearing (7016),"DVH7016-DE-BR-0923 (DE Dental Vision Hearing (7016) - Dental, Vision & Hearing 7016 Brochure).pdf",,,"from agent portal 2026-09-28: Dental, Vision & Hearing 7016 Brochure"
ManhattanLife,Dental Vision Hearing (7016),DVH7016,brochure,client,DE,,DVH7016-DE-BRF-0923,,DE/Dental Vision Hearing (7016),"DVH7016-DE-BRF-0923 (DE Dental Vision Hearing (7016) - Folded Dental, Vision & Hearing 7016 Brochure).pdf",,,"from agent portal 2026-09-28: Folded Dental, Vision & Hearing 7016 Brochure"
ManhattanLife,Dental Vision Hearing (7016),DVH7016,brochure,client,DE,,DVH7016-DE-BRFSP-0923,,DE/Dental Vision Hearing (7016),DVH7016-DE-BRFSP-0923 (DE Dental Vision Hearing (7016) - Spanish Folded DVH7016 Brochure).pdf,,,from agent portal 2026-09-28: Spanish Folded DVH7016 Brochure
ManhattanLife,Dental Vision Hearing (7016),DVH7016,brochure,client,DE,,DVH7016-DE-BRSP-0923,,DE/Dental Vision Hearing (7016),DVH7016-DE-BRSP-0923 (DE Dental Vision Hearing (7016) - Spanish DVH7016 Brochure).pdf,,,from agent portal 2026-09-28: Spanish DVH7016 Brochure
ManhattanLife,Affordable Choice,AFC,brochure,client,DE,,AFC7010-BRSP,1025,DE/Affordable Choice,AFC7010-BRSP_1025 (DE Affordable Choice - Spanish AFC with Specified Disease Brochure).pdf,,,from agent portal 2026-09-28: Spanish AFC with Specified Disease Brochure
ManhattanLife,Affordable Choice,AFC,brochure,client,DE,,AFC7010-BR,1025,DE/Affordable Choice,AFC7010-BR_1025 (DE Affordable Choice - Affordable Choice Enhanced with Specified Disease Brochure).pdf,,,from agent portal 2026-09-28: Affordable Choice Enhanced with Specified Disease Brochure
ManhattanLife,Dental Vision Hearing Select,DVHS,brochure,client,DE,,DVHS-DE-BR,0825,DE/Dental Vision Hearing Select,"DVHS-DE-BR_0825 (DE Dental Vision Hearing Select - Dental, Vision & Hearing Select Brochure).pdf",,,"from agent portal 2026-09-28: Dental, Vision & Hearing Select Brochure"
ManhattanLife,Home Health Care Enhanced,HHC,brochure,client,DE,,HHCE-BRF,0726,DE/Home Health Care Enhanced,HHCE-BRF_0726 (DE Home Health Care Enhanced - Trifold Home Health Care Brochure).pdf,,,from agent portal 2026-09-28: Trifold Home Health Care Brochure
ManhattanLife,Home Health Care Enhanced,HHC,brochure,client,DE,,HHCE-BR,0326,DE/Home Health Care Enhanced,HHCE-BR_0326 (DE Home Health Care Enhanced - Home Health Care Enhanced Brochure).pdf,,,from agent portal 2026-09-28: Home Health Care Enhanced Brochure
ManhattanLife,Home Health Care Enhanced,HHC,brochure,client,DE,,HHCE-SPBR,0326,DE/Home Health Care Enhanced,HHCE-SPBR_0326 (DE Home Health Care Enhanced - Spanish Home Health Care Enhanced Brochure).pdf,,,from agent portal 2026-09-28: Spanish Home Health Care Enhanced Brochure
ManhattanLife,Cancer Care Plus,CCP,brochure,client,FL,,CCP-FL-BR,0625,FL/Cancer Care Plus,CCP-FL-BR_0625 (FL Cancer Care Plus - Cancer Care Plus Brochure).pdf,,,from agent portal 2026-09-28: Cancer Care Plus Brochure
ManhattanLife,Cancer Care Plus,CCP,agent-guide,agent,FL,,CP4000-AGT-0625-FL,,_agent-guides/Cancer Care Plus,CP4000-AGT-0625-FL (FL Cancer Care Plus - Cancer Care Plus Agent Guide - AGENT ONLY).pdf,,,from agent portal 2026-09-28: Cancer Care Plus Agent Guide
ManhattanLife,24-Hour Accident,EAEP,brochure,client,FL,,EAEP-FL-BR 1024,,FL/24-Hour Accident,EAEP-FL-BR 1024 (FL 24-Hour Accident - 24 Hour Accident Brochure).pdf,,,from agent portal 2026-09-28: 24 Hour Accident Brochure
ManhattanLife,Accident Insurance (PAID Enhanced),PAID,brochure,client,FL,,PAID-FL-BRSP,0225,FL/Accident Insurance (PAID Enhanced),PAID-FL-BRSP_0225 (FL Accident Insurance (PAID Enhanced) - Spanish PAID Brochure).pdf,,,from agent portal 2026-09-28: Spanish PAID Brochure
ManhattanLife,Accident Insurance (PAID Enhanced),PAID,brochure,client,FL,,PAID-FL-BR,0225,FL/Accident Insurance (PAID Enhanced),PAID-FL-BR_0225 (FL Accident Insurance (PAID Enhanced) - PAID Brochure).pdf,,,from agent portal 2026-09-28: PAID Brochure
ManhattanLife,Dental Vision Hearing (7016),DVH7016,brochure,client,FL,,DVH7016-BR,FL0924,FL/Dental Vision Hearing (7016),"DVH7016-BR_FL0924 (FL Dental Vision Hearing (7016) - Dental, Vision & Hearing 7016 Brochure).pdf",,,"from agent portal 2026-09-28: Dental, Vision & Hearing 7016 Brochure"
ManhattanLife,Dental Vision Hearing (7016),DVH7016,brochure,client,FL,,DVH7016-FLBRFSP,0924,FL/Dental Vision Hearing (7016),DVH7016-FLBRFSP_0924 (FL Dental Vision Hearing (7016) - Spanish Folded DVH 7016 Brochure).pdf,,,from agent portal 2026-09-28: Spanish Folded DVH 7016 Brochure
ManhattanLife,Dental Vision Hearing (7016),DVH7016,brochure,client,FL,,DVH7016-FLBRF,0924,FL/Dental Vision Hearing (7016),"DVH7016-FLBRF_0924 (FL Dental Vision Hearing (7016) - Folded Dental, Vision and Hearing 7016 Brochure).pdf",,,"from agent portal 2026-09-28: Folded Dental, Vision and Hearing 7016 Brochure"
ManhattanLife,Dental Vision Hearing (7016),DVH7016,brochure,client,FL,,DVH7016-FLBRSP,0924,FL/Dental Vision Hearing (7016),DVH7016-FLBRSP_0924 (FL Dental Vision Hearing (7016) - Spanish DVH 7016 Brochure).pdf,,,from agent portal 2026-09-28: Spanish DVH 7016 Brochure
ManhattanLife,Out-of-Pocket Protection (Gap),GAP,rates,agent,FL,,GAP-FL_RATES,1024,_rates/Out-of-Pocket Protection (Gap),GAP-FL_RATES_1024 (FL Out-of-Pocket Protection (Gap) - Out-of-Pocket Rates).pdf,,,from agent portal 2026-09-28: Out-of-Pocket Rates
ManhattanLife,Out-of-Pocket Protection (Gap),GAP,brochure,client,FL,,GAP15-BRSP,0320,FL/Out-of-Pocket Protection (Gap),GAP15-BRSP_0320 (FL Out-of-Pocket Protection (Gap) - Spanish Out-of-Pocket Brochure).pdf,,,from agent portal 2026-09-28: Spanish Out-of-Pocket Brochure
ManhattanLife,Out-of-Pocket Protection (Gap),GAP,brochure,client,FL,,GAP15-BR,0320,FL/Out-of-Pocket Protection (Gap),GAP15-BR_0320 (FL Out-of-Pocket Protection (Gap) - Out-of-Pocket Brochure).pdf,,,from agent portal 2026-09-28: Out-of-Pocket Brochure
ManhattanLife,Affordable Choice,AFC,brochure,client,FL,,AFC7010-FLBRSP,1125,FL/Affordable Choice,AFC7010-FLBRSP_1125 (FL Affordable Choice - Spanish AFC with Specified Disease Brochure).pdf,,,from agent portal 2026-09-28: Spanish AFC with Specified Disease Brochure
ManhattanLife,Affordable Choice,AFC,brochure,client,FL,,AFC7010-FLBR,1125,FL/Affordable Choice,AFC7010-FLBR_1125 (FL Affordable Choice - Affordable Choice Enhanced with Specified Disease Brochure).pdf,,,from agent portal 2026-09-28: Affordable Choice Enhanced with Specified Disease Brochure
ManhattanLife,Affordable Choice,AFC,rates,agent,FL,,AFC7010-FLRATES,1125,_rates/Affordable Choice,AFC7010-FLRATES_1125 (FL Affordable Choice - Affordable Choice Enhanced Rates).pdf,,,from agent portal 2026-09-28: Affordable Choice Enhanced Rates
ManhattanLife,Dental Vision Hearing Select,DVHS,brochure,client,FL,,DVHS-FLBRSP,0326,FL/Dental Vision Hearing Select,DVHS-FLBRSP_0326 (FL Dental Vision Hearing Select - Spanish DVH Select Brochure).pdf,,,from agent portal 2026-09-28: Spanish DVH Select Brochure
ManhattanLife,Dental Vision Hearing Select,DVHS,brochure,client,FL,,DVHS-FLBR,0326,FL/Dental Vision Hearing Select,"DVHS-FLBR_0326 (FL Dental Vision Hearing Select - Dental, Vision & Hearing Select Brochure).pdf",,,"from agent portal 2026-09-28: Dental, Vision & Hearing Select Brochure"
ManhattanLife,Cancer Heart Attack and Stroke,CHAS,brochure,client,FL,,CHAS-FL-BRSP,0825,FL/Cancer Heart Attack and Stroke,"CHAS-FL-BRSP_0825 (FL Cancer Heart Attack and Stroke - Spanish Cancer, Heart & Stroke Brochure).pdf",,,"from agent portal 2026-09-28: Spanish Cancer, Heart & Stroke Brochure"
ManhattanLife,Cancer Heart Attack and Stroke,CHAS,brochure,client,FL,,CHAS-FLBR,0825,FL/Cancer Heart Attack and Stroke,"CHAS-FLBR_0825 (FL Cancer Heart Attack and Stroke - Cancer, Heart & Stroke Brochure).pdf",,,"from agent portal 2026-09-28: Cancer, Heart & Stroke Brochure"
ManhattanLife,Hospital Indemnity Select,HIS,brochure,client,FL,,HIS-BRSP,0126,FL/Hospital Indemnity Select,HIS-BRSP_0126 (FL Hospital Indemnity Select - Spanish Hospital Indemnity Select Brochure).pdf,,,from agent portal 2026-09-28: Spanish Hospital Indemnity Select Brochure
ManhattanLife,Hospital Indemnity Select,HIS,brochure,client,FL,,HIS-BR,0126,FL/Hospital Indemnity Select,HIS-BR_0126 (FL Hospital Indemnity Select - Hospital Indemnity Select Brochure).pdf,,,from agent portal 2026-09-28: Hospital Indemnity Select Brochure
ManhattanLife,Cancer Care Plus,CCP,brochure,client,GA,,CCP-GA-BR,0420,GA/Cancer Care Plus,CCP-GA-BR_0420 (GA Cancer Care Plus - Cancer Care Plus Brochure).pdf,,,from agent portal 2026-09-28: Cancer Care Plus Brochure
ManhattanLife,Cancer Care Plus,CCP,agent-guide,agent,GA,,CP4000-AGT-0510-GA,,_agent-guides/Cancer Care Plus,CP4000-AGT-0510-GA (GA Cancer Care Plus - CANCER AGENT GUIDE AND PREMIUMS - AGENT ONLY).pdf,,,from agent portal 2026-09-28: CANCER AGENT GUIDE AND PREMIUMS
ManhattanLife,24-Hour Accident,EAEP,brochure,client,GA,,EAEP-BR,0622,GA/24-Hour Accident,EAEP-BR_0622 (GA 24-Hour Accident - 24 Hour Accident Brochure).pdf,,,from agent portal 2026-09-28: 24 Hour Accident Brochure
ManhattanLife,24-Hour Accident,EAEP,brochure,client,GA,,EAEP-SPBR,0622,GA/24-Hour Accident,EAEP-SPBR_0622 (GA 24-Hour Accident - Spanish 24 Hour Accident Brochure).pdf,,,from agent portal 2026-09-28: Spanish 24 Hour Accident Brochure
ManhattanLife,Accident Insurance (PAID Enhanced),PAID,brochure,client,GA,,PAIDEH-BRSP,0524,GA/Accident Insurance (PAID Enhanced),PAIDEH-BRSP_0524 (GA Accident Insurance (PAID Enhanced) - Spanish PAID Enhanced Brochure).pdf,,,from agent portal 2026-09-28: Spanish PAID Enhanced Brochure
ManhattanLife,Accident Insurance (PAID Enhanced),PAID,brochure,client,GA,,PAIDEH-BR,0524,GA/Accident Insurance (PAID Enhanced),PAIDEH-BR_0524 (GA Accident Insurance (PAID Enhanced) - PAID Enhanced Brochure).pdf,,,from agent portal 2026-09-28: PAID Enhanced Brochure
ManhattanLife,Dental Vision Hearing (7016),DVH7016,brochure,client,GA,,DVH7016-BRFSP,0425,GA/Dental Vision Hearing (7016),DVH7016-BRFSP_0425 (GA Dental Vision Hearing (7016) - Spanish Folded DVH7016 Brochure).pdf,,,from agent portal 2026-09-28: Spanish Folded DVH7016 Brochure
ManhattanLife,Dental Vision Hearing (7016),DVH7016,brochure,client,GA,,DVH7016-BRF,0425,GA/Dental Vision Hearing (7016),DVH7016-BRF_0425 (GA Dental Vision Hearing (7016) - Folded DVH7016 Brochure).pdf,,,from agent portal 2026-09-28: Folded DVH7016 Brochure
ManhattanLife,Dental Vision Hearing (7016),DVH7016,brochure,client,GA,,DVH7016-BRSP,0425,GA/Dental Vision Hearing (7016),DVH7016-BRSP_0425 (GA Dental Vision Hearing (7016) - Spanish DVH7016 Brochure).pdf,,,from agent portal 2026-09-28: Spanish DVH7016 Brochure
ManhattanLife,Dental Vision Hearing (7016),DVH7016,brochure,client,GA,,DVH7016-BR,0425,GA/Dental Vision Hearing (7016),"DVH7016-BR_0425 (GA Dental Vision Hearing (7016) - Dental, Vision and Hearing 7016 Brochure).pdf",,,"from agent portal 2026-09-28: Dental, Vision and Hearing 7016 Brochure"
ManhattanLife,Out-of-Pocket Protection (Gap),GAP,brochure,client,GA,,GAP15-BRSP,0320,GA/Out-of-Pocket Protection (Gap),GAP15-BRSP_0320 (GA Out-of-Pocket Protection (Gap) - Spanish Out-of-Pocket Brochure).pdf,,,from agent portal 2026-09-28: Spanish Out-of-Pocket Brochure
ManhattanLife,Out-of-Pocket Protection (Gap),GAP,brochure,client,GA,,GAP15-BR,0320,GA/Out-of-Pocket Protection (Gap),GAP15-BR_0320 (GA Out-of-Pocket Protection (Gap) - Out-of-Pocket Brochure).pdf,,,from agent portal 2026-09-28: Out-of-Pocket Brochure
ManhattanLife,Affordable Choice,AFC,brochure,client,GA,,AFC7010-BRSP,1025,GA/Affordable Choice,AFC7010-BRSP_1025 (GA Affordable Choice - Spanish AFC with Specified Disease Brochure).pdf,,,from agent portal 2026-09-28: Spanish AFC with Specified Disease Brochure
ManhattanLife,Affordable Choice,AFC,brochure,client,GA,,AFC7010-BR,1025,GA/Affordable Choice,AFC7010-BR_1025 (GA Affordable Choice - Affordable Choice Enhanced with Specified Disease Brochure).pdf,,,from agent portal 2026-09-28: Affordable Choice Enhanced with Specified Disease Brochure
ManhattanLife,Dental Vision Hearing Select,DVHS,brochure,client,GA,,DVHS-GABR,1125,GA/Dental Vision Hearing Select,"DVHS-GABR_1125 (GA Dental Vision Hearing Select - Dental, Vision & Hearing Select Brochure).pdf",,,"from agent portal 2026-09-28: Dental, Vision & Hearing Select Brochure"
ManhattanLife,Home Health Care Enhanced,HHC,brochure,client,GA,,HHCE-BRF,0726,GA/Home Health Care Enhanced,HHCE-BRF_0726 (GA Home Health Care Enhanced - Trifold Home Health Care Brochure).pdf,,,from agent portal 2026-09-28: Trifold Home Health Care Brochure
ManhattanLife,Home Health Care Enhanced,HHC,brochure,client,GA,,HHCE-BR,0326,GA/Home Health Care Enhanced,HHCE-BR_0326 (GA Home Health Care Enhanced - Home Health Care Enhanced Brochure).pdf,,,from agent portal 2026-09-28: Home Health Care Enhanced Brochure
ManhattanLife,Home Health Care Enhanced,HHC,brochure,client,GA,,HHCE-SPBR,0326,GA/Home Health Care Enhanced,HHCE-SPBR_0326 (GA Home Health Care Enhanced - Spanish Home Health Care Enhanced Brochure).pdf,,,from agent portal 2026-09-28: Spanish Home Health Care Enhanced Brochure
ManhattanLife,Cancer Heart Attack and Stroke,CHAS,brochure,client,GA,,CHAS-BRSP,0525,GA/Cancer Heart Attack and Stroke,"CHAS-BRSP_0525 (GA Cancer Heart Attack and Stroke - Spanish Cancer, Heart & Stroke Brochure).pdf",,,"from agent portal 2026-09-28: Spanish Cancer, Heart & Stroke Brochure"
ManhattanLife,Cancer Heart Attack and Stroke,CHAS,brochure,client,GA,,CHAS-BR,0525,GA/Cancer Heart Attack and Stroke,"CHAS-BR_0525 (GA Cancer Heart Attack and Stroke - Cancer, Heart & Stroke Brochure).pdf",,,"from agent portal 2026-09-28: Cancer, Heart & Stroke Brochure"
ManhattanLife,Short Term Care (OmniFlex),STC,brochure,client,GA,,STC-BRF,0825,GA/Short Term Care (OmniFlex),STC-BRF_0825 (GA Short Term Care (OmniFlex) - Folded Short Term Care Brochure).pdf,,,from agent portal 2026-09-28: Folded Short Term Care Brochure
ManhattanLife,Short Term Care (OmniFlex),STC,brochure,client,GA,,STC-BR,0525,GA/Short Term Care (OmniFlex),STC-BR_0525 (GA Short Term Care (OmniFlex) - Omni-Flex Short Term Care Brochure).pdf,,,from agent portal 2026-09-28: Omni-Flex Short Term Care Brochure
ManhattanLife,Hospital Indemnity Select,HIS,brochure,client,GA,,HIS-BRSP,0126,GA/Hospital Indemnity Select,HIS-BRSP_0126 (GA Hospital Indemnity Select - Spanish Hospital Indemnity Select Brochure).pdf,,,from agent portal 2026-09-28: Spanish Hospital Indemnity Select Brochure
ManhattanLife,Hospital Indemnity Select,HIS,brochure,client,GA,,HIS-BR,0126,GA/Hospital Indemnity Select,HIS-BR_0126 (GA Hospital Indemnity Select - Hospital Indemnity Select Brochure).pdf,,,from agent portal 2026-09-28: Hospital Indemnity Select Brochure
ManhattanLife,Cancer Care Plus,CCP,agent-guide,agent,HI,,AGT-CP4000-HI,0125,_agent-guides/Cancer Care Plus,AGT-CP4000-HI_0125 (HI Cancer Care Plus - Cancer Care Plus Agent Guide - AGENT ONLY).pdf,,,from agent portal 2026-09-28: Cancer Care Plus Agent Guide
ManhattanLife,Cancer Care Plus,CCP,brochure,client,HI,,CCP-BRSP,0420,HI/Cancer Care Plus,CCP-BRSP_0420 (HI Cancer Care Plus - Spanish Cancer Care Plus Brochure).pdf,,,from agent portal 2026-09-28: Spanish Cancer Care Plus Brochure
ManhattanLife,Cancer Care Plus,CCP,brochure,client,HI,,CCP-BR,0420,HI/Cancer Care Plus,CCP-BR_0420 (HI Cancer Care Plus - Cancer Care Plus Brochure).pdf,,,from agent portal 2026-09-28: Cancer Care Plus Brochure
ManhattanLife,Accident Insurance (PAID Enhanced),PAID,brochure,client,HI,,PAIDEH-BR,0524,HI/Accident Insurance (PAID Enhanced),PAIDEH-BR_0524 (HI Accident Insurance (PAID Enhanced) - PAID Enhanced Brochure).pdf,,,from agent portal 2026-09-28: PAID Enhanced Brochure
ManhattanLife,Out-of-Pocket Protection (Gap),GAP,brochure,client,HI,,GAP15-BRSP,0320,HI/Out-of-Pocket Protection (Gap),GAP15-BRSP_0320 (HI Out-of-Pocket Protection (Gap) - Spanish Out-of-Pocket Brochure).pdf,,,from agent portal 2026-09-28: Spanish Out-of-Pocket Brochure
ManhattanLife,Out-of-Pocket Protection (Gap),GAP,brochure,client,HI,,GAP15-BR,0320,HI/Out-of-Pocket Protection (Gap),GAP15-BR_0320 (HI Out-of-Pocket Protection (Gap) - Out-of-Pocket Brochure).pdf,,,from agent portal 2026-09-28: Out-of-Pocket Brochure
ManhattanLife,Affordable Choice,AFC,brochure,client,HI,,AFC7010-BRSP,1025,HI/Affordable Choice,AFC7010-BRSP_1025 (HI Affordable Choice - Spanish AFC with Specified Disease Brochure).pdf,,,from agent portal 2026-09-28: Spanish AFC with Specified Disease Brochure
ManhattanLife,Affordable Choice,AFC,brochure,client,HI,,AFC7010-BR,1025,HI/Affordable Choice,AFC7010-BR_1025 (HI Affordable Choice - Affordable Choice Enhanced with Specified Disease Brochure).pdf,,,from agent portal 2026-09-28: Affordable Choice Enhanced with Specified Disease Brochure
ManhattanLife,Home Health Care Enhanced,HHC,brochure,client,HI,,HHCE-BRF,0726,HI/Home Health Care Enhanced,HHCE-BRF_0726 (HI Home Health Care Enhanced - Trifold Home Health Care Brochure).pdf,,,from agent portal 2026-09-28: Trifold Home Health Care Brochure
ManhattanLife,Home Health Care Enhanced,HHC,brochure,client,HI,,HHCE-BR,0326,HI/Home Health Care Enhanced,HHCE-BR_0326 (HI Home Health Care Enhanced - Home Health Care Enhanced Brochure).pdf,,,from agent portal 2026-09-28: Home Health Care Enhanced Brochure
ManhattanLife,Home Health Care Enhanced,HHC,brochure,client,HI,,HHCE-SPBR,0326,HI/Home Health Care Enhanced,HHCE-SPBR_0326 (HI Home Health Care Enhanced - Spanish Home Health Care Enhanced Brochure).pdf,,,from agent portal 2026-09-28: Spanish Home Health Care Enhanced Brochure
ManhattanLife,Cancer Heart Attack and Stroke,CHAS,brochure,client,HI,,CHAS-BRSP,0525,HI/Cancer Heart Attack and Stroke,"CHAS-BRSP_0525 (HI Cancer Heart Attack and Stroke - Spanish Cancer, Heart & Stroke Brochure).pdf",,,"from agent portal 2026-09-28: Spanish Cancer, Heart & Stroke Brochure"
ManhattanLife,Cancer Heart Attack and Stroke,CHAS,brochure,client,HI,,CHAS-BR,0525,HI/Cancer Heart Attack and Stroke,"CHAS-BR_0525 (HI Cancer Heart Attack and Stroke - Cancer, Heart & Stroke Brochure).pdf",,,"from agent portal 2026-09-28: Cancer, Heart & Stroke Brochure"
ManhattanLife,Short Term Care (OmniFlex),STC,brochure,client,HI,,STC-BRF,0825,HI/Short Term Care (OmniFlex),STC-BRF_0825 (HI Short Term Care (OmniFlex) - Folded Short Term Care Brochure).pdf,,,from agent portal 2026-09-28: Folded Short Term Care Brochure
ManhattanLife,Short Term Care (OmniFlex),STC,brochure,client,HI,,STC-BR,0525,HI/Short Term Care (OmniFlex),STC-BR_0525 (HI Short Term Care (OmniFlex) - Omni-Flex Short Term Care Brochure).pdf,,,from agent portal 2026-09-28: Omni-Flex Short Term Care Brochure
ManhattanLife,Hospital Indemnity Select,HIS,brochure,client,HI,,HIS-BRSP,0126,HI/Hospital Indemnity Select,HIS-BRSP_0126 (HI Hospital Indemnity Select - Spanish Hospital Indemnity Select Brochure).pdf,,,from agent portal 2026-09-28: Spanish Hospital Indemnity Select Brochure
ManhattanLife,Hospital Indemnity Select,HIS,brochure,client,HI,,HIS-BR,0126,HI/Hospital Indemnity Select,HIS-BR_0126 (HI Hospital Indemnity Select - Hospital Indemnity Select Brochure).pdf,,,from agent portal 2026-09-28: Hospital Indemnity Select Brochure
ManhattanLife,Cancer Care Plus,CCP,brochure,client,IA,,CCP-BRSP,0420,IA/Cancer Care Plus,CCP-BRSP_0420 (IA Cancer Care Plus - Spanish Cancer Care Plus Brochure).pdf,,,from agent portal 2026-09-28: Spanish Cancer Care Plus Brochure
ManhattanLife,Cancer Care Plus,CCP,brochure,client,IA,,CCP-BR,0420,IA/Cancer Care Plus,CCP-BR_0420 (IA Cancer Care Plus - Cancer Care Plus Brochure).pdf,,,from agent portal 2026-09-28: Cancer Care Plus Brochure
ManhattanLife,Critical Protection and Recovery,CPR,brochure,client,IA,,CPR-BR,0520,IA/Critical Protection and Recovery,CPR-BR_0520 (IA Critical Protection and Recovery - Critical Protection & Recovery Brochure).pdf,,,from agent portal 2026-09-28: Critical Protection & Recovery Brochure
ManhattanLife,Critical Protection and Recovery,CPR,brochure,client,IA,,CPRC-BR,0520,IA/Critical Protection and Recovery,CPRC-BR_0520 (IA Critical Protection and Recovery - Critical Protection & Recovery with Cancer).pdf,,,from agent portal 2026-09-28: Critical Protection & Recovery with Cancer
ManhattanLife,24-Hour Accident,EAEP,brochure,client,IA,,EAEP-BR,0622,IA/24-Hour Accident,EAEP-BR_0622 (IA 24-Hour Accident - 24 Hour Accident Brochure).pdf,,,from agent portal 2026-09-28: 24 Hour Accident Brochure
ManhattanLife,24-Hour Accident,EAEP,brochure,client,IA,,EAEP-SPBR,0622,IA/24-Hour Accident,EAEP-SPBR_0622 (IA 24-Hour Accident - Spanish 24 Hour Accident Brochure).pdf,,,from agent portal 2026-09-28: Spanish 24 Hour Accident Brochure
ManhattanLife,Accident Insurance (PAID Enhanced),PAID,brochure,client,IA,,PAIDEH-BRSP,0524,IA/Accident Insurance (PAID Enhanced),PAIDEH-BRSP_0524 (IA Accident Insurance (PAID Enhanced) - Spanish PAID Enhanced Brochure).pdf,,,from agent portal 2026-09-28: Spanish PAID Enhanced Brochure
ManhattanLife,Accident Insurance (PAID Enhanced),PAID,brochure,client,IA,,PAIDEH-BR,0524,IA/Accident Insurance (PAID Enhanced),PAIDEH-BR_0524 (IA Accident Insurance (PAID Enhanced) - PAID Enhanced Brochure).pdf,,,from agent portal 2026-09-28: PAID Enhanced Brochure
ManhattanLife,Dental Vision Hearing (7016),DVH7016,brochure,client,IA,,DVH7016-IAID-BR-0425,,IA/Dental Vision Hearing (7016),"DVH7016-IAID-BR-0425 (IA Dental Vision Hearing (7016) - Dental, Vision and Hearing 7016 Brochure).pdf",,,"from agent portal 2026-09-28: Dental, Vision and Hearing 7016 Brochure"
ManhattanLife,Dental Vision Hearing (7016),DVH7016,brochure,client,IA,,DVH7016-IAID-BRF-0425,,IA/Dental Vision Hearing (7016),DVH7016-IAID-BRF-0425 (IA Dental Vision Hearing (7016) - Folded DVH7016 Brochure).pdf,,,from agent portal 2026-09-28: Folded DVH7016 Brochure
ManhattanLife,Dental Vision Hearing (7016),DVH7016,brochure,client,IA,,DVH7016-IAID-BRFSP-0425,,IA/Dental Vision Hearing (7016),DVH7016-IAID-BRFSP-0425 (IA Dental Vision Hearing (7016) - Spanish Folded DVH7016 Brochure).pdf,,,from agent portal 2026-09-28: Spanish Folded DVH7016 Brochure
ManhattanLife,Dental Vision Hearing (7016),DVH7016,brochure,client,IA,,DVH7016-IAID-BRSP-0425,,IA/Dental Vision Hearing (7016),DVH7016-IAID-BRSP-0425 (IA Dental Vision Hearing (7016) - Spanish DVH7016 Brochure).pdf,,,from agent portal 2026-09-28: Spanish DVH7016 Brochure
ManhattanLife,Out-of-Pocket Protection (Gap),GAP,brochure,client,IA,,GAP15-BRSP,0320,IA/Out-of-Pocket Protection (Gap),GAP15-BRSP_0320 (IA Out-of-Pocket Protection (Gap) - Spanish Out-of-Pocket Brochure).pdf,,,from agent portal 2026-09-28: Spanish Out-of-Pocket Brochure
ManhattanLife,Out-of-Pocket Protection (Gap),GAP,brochure,client,IA,,GAP15-BR,0320,IA/Out-of-Pocket Protection (Gap),GAP15-BR_0320 (IA Out-of-Pocket Protection (Gap) - Out-of-Pocket Brochure).pdf,,,from agent portal 2026-09-28: Out-of-Pocket Brochure
ManhattanLife,Affordable Choice,AFC,brochure,client,IA,,AFC7010-IABR,0326,IA/Affordable Choice,AFC7010-IABR_0326 (IA Affordable Choice - Affordable Choice Enhanced with Specified Disease Brochure).pdf,,,from agent portal 2026-09-28: Affordable Choice Enhanced with Specified Disease Brochure
ManhattanLife,Dental Vision Hearing Select,DVHS,brochure,client,IA,,DVHS-BRSP,0425,IA/Dental Vision Hearing Select,DVHS-BRSP_0425 (IA Dental Vision Hearing Select - Spanish DVH Select Brochure).pdf,,,from agent portal 2026-09-28: Spanish DVH Select Brochure
ManhattanLife,Dental Vision Hearing Select,DVHS,brochure,client,IA,,DVHS-BR,0926,IA/Dental Vision Hearing Select,"DVHS-BR_0926 (IA Dental Vision Hearing Select - Dental, Vision and Hearing Select).pdf",,,"from agent portal 2026-09-28: Dental, Vision and Hearing Select"
ManhattanLife,Home Health Care Enhanced,HHC,brochure,client,IA,,HHCE-BRF,0726,IA/Home Health Care Enhanced,HHCE-BRF_0726 (IA Home Health Care Enhanced - Trifold Home Health Care Brochure).pdf,,,from agent portal 2026-09-28: Trifold Home Health Care Brochure
ManhattanLife,Home Health Care Enhanced,HHC,brochure,client,IA,,HHCE-BR,0326,IA/Home Health Care Enhanced,HHCE-BR_0326 (IA Home Health Care Enhanced - Home Health Care Enhanced Brochure).pdf,,,from agent portal 2026-09-28: Home Health Care Enhanced Brochure
ManhattanLife,Home Health Care Enhanced,HHC,brochure,client,IA,,HHCE-SPBR,0326,IA/Home Health Care Enhanced,HHCE-SPBR_0326 (IA Home Health Care Enhanced - Spanish Home Health Care Enhanced Brochure).pdf,,,from agent portal 2026-09-28: Spanish Home Health Care Enhanced Brochure
ManhattanLife,Cancer Heart Attack and Stroke,CHAS,brochure,client,IA,,CHAS-BRSP,0525,IA/Cancer Heart Attack and Stroke,"CHAS-BRSP_0525 (IA Cancer Heart Attack and Stroke - Spanish Cancer, Heart & Stroke Brochure).pdf",,,"from agent portal 2026-09-28: Spanish Cancer, Heart & Stroke Brochure"
ManhattanLife,Cancer Heart Attack and Stroke,CHAS,brochure,client,IA,,CHAS-BR,0525,IA/Cancer Heart Attack and Stroke,"CHAS-BR_0525 (IA Cancer Heart Attack and Stroke - Cancer, Heart & Stroke Brochure).pdf",,,"from agent portal 2026-09-28: Cancer, Heart & Stroke Brochure"
ManhattanLife,Short Term Care (OmniFlex),STC,brochure,client,IA,,STC-BRF,0825,IA/Short Term Care (OmniFlex),STC-BRF_0825 (IA Short Term Care (OmniFlex) - Folded Short Term Care Brochure).pdf,,,from agent portal 2026-09-28: Folded Short Term Care Brochure
ManhattanLife,Short Term Care (OmniFlex),STC,brochure,client,IA,,STC-BR,0525,IA/Short Term Care (OmniFlex),STC-BR_0525 (IA Short Term Care (OmniFlex) - Omni-Flex Short Term Care Brochure).pdf,,,from agent portal 2026-09-28: Omni-Flex Short Term Care Brochure
ManhattanLife,Hospital Indemnity Select,HIS,brochure,client,IA,,HIS-IAPATXUTBR,0126,IA/Hospital Indemnity Select,HIS-IAPATXUTBR_0126 (IA Hospital Indemnity Select - Hospital Indemnity Select Brochure).pdf,,,from agent portal 2026-09-28: Hospital Indemnity Select Brochure
ManhattanLife,Cancer Care Plus,CCP,brochure,client,ID,,CCP-BRSP,0420,ID/Cancer Care Plus,CCP-BRSP_0420 (ID Cancer Care Plus - Spanish Cancer Care Plus Brochure).pdf,,,from agent portal 2026-09-28: Spanish Cancer Care Plus Brochure
ManhattanLife,Cancer Care Plus,CCP,brochure,client,ID,,CCP-BR,0420,ID/Cancer Care Plus,CCP-BR_0420 (ID Cancer Care Plus - Cancer Care Plus Brochure).pdf,,,from agent portal 2026-09-28: Cancer Care Plus Brochure
ManhattanLife,Cancer Care Plus,CCP,agent-guide,agent,ID,,CP4000-AGT,1211-ID,_agent-guides/Cancer Care Plus,CP4000-AGT_1211-ID (ID Cancer Care Plus - CP4000 Limited Cancer and Dread Disease Agent Guide - AGENT ONLY).pdf,,,from agent portal 2026-09-28: CP4000 Limited Cancer and Dread Disease Agent Guide
ManhattanLife,Critical Protection and Recovery,CPR,brochure,client,ID,,CPR-ID-BR,0520,ID/Critical Protection and Recovery,CPR-ID-BR_0520 (ID Critical Protection and Recovery - Critical Protection and Recovery Brochure).pdf,,,from agent portal 2026-09-28: Critical Protection and Recovery Brochure
ManhattanLife,Critical Protection and Recovery,CPR,brochure,client,ID,,CPRC-ID-BR,0520,ID/Critical Protection and Recovery,CPRC-ID-BR_0520 (ID Critical Protection and Recovery - Critical Protection and Recovery with Cancer Brochure).pdf,,,from agent portal 2026-09-28: Critical Protection and Recovery with Cancer Brochure
ManhattanLife,Accident Insurance (PAID Enhanced),PAID,brochure,client,ID,,PAIDEH-BRSP,0524,ID/Accident Insurance (PAID Enhanced),PAIDEH-BRSP_0524 (ID Accident Insurance (PAID Enhanced) - Spanish PAID Enhanced Brochure).pdf,,,from agent portal 2026-09-28: Spanish PAID Enhanced Brochure
ManhattanLife,Accident Insurance (PAID Enhanced),PAID,brochure,client,ID,,PAIDEH-BR,0524,ID/Accident Insurance (PAID Enhanced),PAIDEH-BR_0524 (ID Accident Insurance (PAID Enhanced) - PAID Enhanced Brochure).pdf,,,from agent portal 2026-09-28: PAID Enhanced Brochure
ManhattanLife,Dental Vision Hearing (7016),DVH7016,brochure,client,ID,,DVH7016-IAID-BR-0425,,ID/Dental Vision Hearing (7016),"DVH7016-IAID-BR-0425 (ID Dental Vision Hearing (7016) - Dental, Vision and Hearing 7016 Brochure).pdf",,,"from agent portal 2026-09-28: Dental, Vision and Hearing 7016 Brochure"
ManhattanLife,Dental Vision Hearing (7016),DVH7016,brochure,client,ID,,DVH7016-IAID-BRF-0425,,ID/Dental Vision Hearing (7016),DVH7016-IAID-BRF-0425 (ID Dental Vision Hearing (7016) - Folded DVH7016 Brochure).pdf,,,from agent portal 2026-09-28: Folded DVH7016 Brochure
ManhattanLife,Dental Vision Hearing (7016),DVH7016,brochure,client,ID,,DVH7016-IAID-BRFSP-0425,,ID/Dental Vision Hearing (7016),DVH7016-IAID-BRFSP-0425 (ID Dental Vision Hearing (7016) - Spanish Folded DVH7016 Brochure).pdf,,,from agent portal 2026-09-28: Spanish Folded DVH7016 Brochure
ManhattanLife,Dental Vision Hearing (7016),DVH7016,brochure,client,ID,,DVH7016-IAID-BRSP-0425,,ID/Dental Vision Hearing (7016),DVH7016-IAID-BRSP-0425 (ID Dental Vision Hearing (7016) - Spanish DVH7016 Brochure).pdf,,,from agent portal 2026-09-28: Spanish DVH7016 Brochure
ManhattanLife,Dental Vision Hearing Select,DVHS,brochure,client,ID,,DVHS-BRSP,0425,ID/Dental Vision Hearing Select,DVHS-BRSP_0425 (ID Dental Vision Hearing Select - Spanish DVH Select Brochure).pdf,,,from agent portal 2026-09-28: Spanish DVH Select Brochure
ManhattanLife,Dental Vision Hearing Select,DVHS,brochure,client,ID,,DVHS-BR,0926,ID/Dental Vision Hearing Select,"DVHS-BR_0926 (ID Dental Vision Hearing Select - Dental, Vision and Hearing Select).pdf",,,"from agent portal 2026-09-28: Dental, Vision and Hearing Select"
ManhattanLife,Home Health Care Select,HHCS,agent-guide,agent,ALL,ID VA,AGT-HHC,0926,_agent-guides/Home Health Care Select,AGT-HHC_0926 (2 states Home Health Care Select - Home Health Care Agent Guide - AGENT ONLY).pdf,,,from agent portal 2026-09-28: Home Health Care Agent Guide
ManhattanLife,Home Health Care Select,HHCS,brochure,client,ID,,HHCS-BRSP,0623,ID/Home Health Care Select,HHCS-BRSP_0623 (ID Home Health Care Select - Spanish Home Health Care Select Brochure).pdf,,,from agent portal 2026-09-28: Spanish Home Health Care Select Brochure
ManhattanLife,Home Health Care Select,HHCS,brochure,client,ID,,HHCS-BR,0623,ID/Home Health Care Select,HHCS-BR_0623 (ID Home Health Care Select - Home Health Care Select Brochure).pdf,,,from agent portal 2026-09-28: Home Health Care Select Brochure
ManhattanLife,Home Health Care Select,HHCS,rates,agent,ALL,ID VA,HHC_RATES,0826,_rates/Home Health Care Select,HHC_RATES_0826 (2 states Home Health Care Select - Home Health Care Rate Guide).pdf,,,from agent portal 2026-09-28: Home Health Care Rate Guide
ManhattanLife,Cancer Heart Attack and Stroke,CHAS,brochure,client,ID,,CHAS-IDBRSP,0525,ID/Cancer Heart Attack and Stroke,"CHAS-IDBRSP_0525 (ID Cancer Heart Attack and Stroke - Spanish Cancer, Heart & Stroke Brochure).pdf",,,"from agent portal 2026-09-28: Spanish Cancer, Heart & Stroke Brochure"
ManhattanLife,Cancer Heart Attack and Stroke,CHAS,brochure,client,ID,,CHAS-IDBR,0525,ID/Cancer Heart Attack and Stroke,"CHAS-IDBR_0525 (ID Cancer Heart Attack and Stroke - Cancer, Heart & Stroke Brochure).pdf",,,"from agent portal 2026-09-28: Cancer, Heart & Stroke Brochure"
ManhattanLife,Short Term Care (OmniFlex),STC,brochure,client,ID,,STC-BRF,0825,ID/Short Term Care (OmniFlex),STC-BRF_0825 (ID Short Term Care (OmniFlex) - Folded Short Term Care Brochure).pdf,,,from agent portal 2026-09-28: Folded Short Term Care Brochure
ManhattanLife,Short Term Care (OmniFlex),STC,brochure,client,ID,,STC-BR,0525,ID/Short Term Care (OmniFlex),STC-BR_0525 (ID Short Term Care (OmniFlex) - Omni-Flex Short Term Care Brochure).pdf,,,from agent portal 2026-09-28: Omni-Flex Short Term Care Brochure
ManhattanLife,Cancer Care Plus,CCP,brochure,client,IL,,CCP-IL-BR,0420,IL/Cancer Care Plus,CCP-IL-BR_0420 (IL Cancer Care Plus - Cancer Care Plus Brochure).pdf,,,from agent portal 2026-09-28: Cancer Care Plus Brochure
ManhattanLife,Critical Protection and Recovery,CPR,brochure,client,IL,,CPR-ILMDPASD-BR,0520,IL/Critical Protection and Recovery,CPR-ILMDPASD-BR_0520 (IL Critical Protection and Recovery - Critical Protection and Recovery Brochure).pdf,,,from agent portal 2026-09-28: Critical Protection and Recovery Brochure
ManhattanLife,Critical Protection and Recovery,CPR,brochure,client,IL,,CPRC-ILMDPASD-BR,0520,IL/Critical Protection and Recovery,CPRC-ILMDPASD-BR_0520 (IL Critical Protection and Recovery - Critical Protection and Recovery with Cancer Brochure).pdf,,,from agent portal 2026-09-28: Critical Protection and Recovery with Cancer Brochure
ManhattanLife,24-Hour Accident,EAEP,brochure,client,IL,,EAEP-BR,0622,IL/24-Hour Accident,EAEP-BR_0622 (IL 24-Hour Accident - 24 Hour Accident Brochure).pdf,,,from agent portal 2026-09-28: 24 Hour Accident Brochure
ManhattanLife,24-Hour Accident,EAEP,brochure,client,IL,,EAEP-SPBR,0622,IL/24-Hour Accident,EAEP-SPBR_0622 (IL 24-Hour Accident - Spanish 24 Hour Accident Brochure).pdf,,,from agent portal 2026-09-28: Spanish 24 Hour Accident Brochure
ManhattanLife,Accident Insurance (PAID Enhanced),PAID,brochure,client,IL,,PAIDEH-BRSP,0524,IL/Accident Insurance (PAID Enhanced),PAIDEH-BRSP_0524 (IL Accident Insurance (PAID Enhanced) - Spanish PAID Enhanced Brochure).pdf,,,from agent portal 2026-09-28: Spanish PAID Enhanced Brochure
ManhattanLife,Accident Insurance (PAID Enhanced),PAID,brochure,client,IL,,PAIDEH-BR,0524,IL/Accident Insurance (PAID Enhanced),PAIDEH-BR_0524 (IL Accident Insurance (PAID Enhanced) - PAID Enhanced Brochure).pdf,,,from agent portal 2026-09-28: PAID Enhanced Brochure
ManhattanLife,Dental Vision Hearing (7016),DVH7016,brochure,client,IL,,DVH7016-ILKSMT-BRFSP,1125,IL/Dental Vision Hearing (7016),"DVH7016-ILKSMT-BRFSP_1125 (IL Dental Vision Hearing (7016) - Spanish Folded Dental, Vision & Hearing Brochure).pdf",,,"from agent portal 2026-09-28: Spanish Folded Dental, Vision & Hearing Brochure"
ManhattanLife,Dental Vision Hearing (7016),DVH7016,brochure,client,IL,,DVH7016-ILKSMT-BRF,1125,IL/Dental Vision Hearing (7016),"DVH7016-ILKSMT-BRF_1125 (IL Dental Vision Hearing (7016) - Folded Dental, Vision & Hearing Brochure).pdf",,,"from agent portal 2026-09-28: Folded Dental, Vision & Hearing Brochure"
ManhattanLife,Dental Vision Hearing (7016),DVH7016,brochure,client,IL,,DVH7016-ILKSMTBRSP,1125,IL/Dental Vision Hearing (7016),"DVH7016-ILKSMTBRSP_1125 (IL Dental Vision Hearing (7016) - Spanish Dental, Vision & Hearing Brochure).pdf",,,"from agent portal 2026-09-28: Spanish Dental, Vision & Hearing Brochure"
ManhattanLife,Dental Vision Hearing (7016),DVH7016,brochure,client,IL,,DVH7016-ILKSMTBR,1125,IL/Dental Vision Hearing (7016),"DVH7016-ILKSMTBR_1125 (IL Dental Vision Hearing (7016) - Dental, Vision & Hearing Brochure).pdf",,,"from agent portal 2026-09-28: Dental, Vision & Hearing Brochure"
ManhattanLife,Out-of-Pocket Protection (Gap),GAP,brochure,client,IL,,GAP15-BRSP,0320,IL/Out-of-Pocket Protection (Gap),GAP15-BRSP_0320 (IL Out-of-Pocket Protection (Gap) - Spanish Out-of-Pocket Brochure).pdf,,,from agent portal 2026-09-28: Spanish Out-of-Pocket Brochure
ManhattanLife,Out-of-Pocket Protection (Gap),GAP,brochure,client,IL,,GAP15-BR,0320,IL/Out-of-Pocket Protection (Gap),GAP15-BR_0320 (IL Out-of-Pocket Protection (Gap) - Out-of-Pocket Brochure).pdf,,,from agent portal 2026-09-28: Out-of-Pocket Brochure
ManhattanLife,Affordable Choice,AFC,brochure,client,IL,,AFC7010-ILBR,0626,IL/Affordable Choice,AFC7010-ILBR_0626 (IL Affordable Choice - Affordable Choice with Specified Disease Brochure).pdf,,,from agent portal 2026-09-28: Affordable Choice with Specified Disease Brochure
ManhattanLife,Dental Vision Hearing Select,DVHS,brochure,client,IL,,DVHS-BRSP,0425,IL/Dental Vision Hearing Select,DVHS-BRSP_0425 (IL Dental Vision Hearing Select - Spanish DVH Select Brochure).pdf,,,from agent portal 2026-09-28: Spanish DVH Select Brochure
ManhattanLife,Dental Vision Hearing Select,DVHS,brochure,client,IL,,DVHS-BR,0926,IL/Dental Vision Hearing Select,"DVHS-BR_0926 (IL Dental Vision Hearing Select - Dental, Vision and Hearing Select).pdf",,,"from agent portal 2026-09-28: Dental, Vision and Hearing Select"
ManhattanLife,Home Health Care Enhanced,HHC,brochure,client,IL,,HHCE-BRF,0726,IL/Home Health Care Enhanced,HHCE-BRF_0726 (IL Home Health Care Enhanced - Trifold Home Health Care Brochure).pdf,,,from agent portal 2026-09-28: Trifold Home Health Care Brochure
ManhattanLife,Home Health Care Enhanced,HHC,brochure,client,IL,,HHCE-BR,0326,IL/Home Health Care Enhanced,HHCE-BR_0326 (IL Home Health Care Enhanced - Home Health Care Enhanced Brochure).pdf,,,from agent portal 2026-09-28: Home Health Care Enhanced Brochure
ManhattanLife,Home Health Care Enhanced,HHC,brochure,client,IL,,HHCE-SPBR,0326,IL/Home Health Care Enhanced,HHCE-SPBR_0326 (IL Home Health Care Enhanced - Spanish Home Health Care Enhanced Brochure).pdf,,,from agent portal 2026-09-28: Spanish Home Health Care Enhanced Brochure
ManhattanLife,Cancer Heart Attack and Stroke,CHAS,brochure,client,IL,,CHAS-BRSP,0525,IL/Cancer Heart Attack and Stroke,"CHAS-BRSP_0525 (IL Cancer Heart Attack and Stroke - Spanish Cancer, Heart & Stroke Brochure).pdf",,,"from agent portal 2026-09-28: Spanish Cancer, Heart & Stroke Brochure"
ManhattanLife,Cancer Heart Attack and Stroke,CHAS,brochure,client,IL,,CHAS-BR,0525,IL/Cancer Heart Attack and Stroke,"CHAS-BR_0525 (IL Cancer Heart Attack and Stroke - Cancer, Heart & Stroke Brochure).pdf",,,"from agent portal 2026-09-28: Cancer, Heart & Stroke Brochure"
ManhattanLife,Short Term Care (OmniFlex),STC,brochure,client,IL,,STC-BRF,0825,IL/Short Term Care (OmniFlex),STC-BRF_0825 (IL Short Term Care (OmniFlex) - Folded Short Term Care Brochure).pdf,,,from agent portal 2026-09-28: Folded Short Term Care Brochure
ManhattanLife,Short Term Care (OmniFlex),STC,brochure,client,IL,,STC-BR,0525,IL/Short Term Care (OmniFlex),STC-BR_0525 (IL Short Term Care (OmniFlex) - Omni-Flex Short Term Care Brochure).pdf,,,from agent portal 2026-09-28: Omni-Flex Short Term Care Brochure
ManhattanLife,Hospital Indemnity Select,HIS,brochure,client,IL,,HIS-ILBR,0126,IL/Hospital Indemnity Select,HIS-ILBR_0126 (IL Hospital Indemnity Select - Hospital Indemnity Select Brochure).pdf,,,from agent portal 2026-09-28: Hospital Indemnity Select Brochure
ManhattanLife,Cancer Care Plus,CCP,brochure,client,IN,,CCP-BRSP,0420,IN/Cancer Care Plus,CCP-BRSP_0420 (IN Cancer Care Plus - Spanish Cancer Care Plus Brochure).pdf,,,from agent portal 2026-09-28: Spanish Cancer Care Plus Brochure
ManhattanLife,Cancer Care Plus,CCP,brochure,client,IN,,CCP-BR,0420,IN/Cancer Care Plus,CCP-BR_0420 (IN Cancer Care Plus - Cancer Care Plus Brochure).pdf,,,from agent portal 2026-09-28: Cancer Care Plus Brochure
ManhattanLife,Critical Protection and Recovery,CPR,brochure,client,IN,,CPR-BR,0520,IN/Critical Protection and Recovery,CPR-BR_0520 (IN Critical Protection and Recovery - Critical Protection & Recovery Brochure).pdf,,,from agent portal 2026-09-28: Critical Protection & Recovery Brochure
ManhattanLife,Critical Protection and Recovery,CPR,brochure,client,IN,,CPRC-BR,0520,IN/Critical Protection and Recovery,CPRC-BR_0520 (IN Critical Protection and Recovery - Critical Protection & Recovery with Cancer).pdf,,,from agent portal 2026-09-28: Critical Protection & Recovery with Cancer
ManhattanLife,24-Hour Accident,EAEP,brochure,client,IN,,EAEP-IN-BR,0126,IN/24-Hour Accident,EAEP-IN-BR_0126 (IN 24-Hour Accident - 24 Hour Accident Brochure).pdf,,,from agent portal 2026-09-28: 24 Hour Accident Brochure
ManhattanLife,Accident Insurance (PAID Enhanced),PAID,brochure,client,IN,,PAIDEH-INBR,0626,IN/Accident Insurance (PAID Enhanced),PAIDEH-INBR_0626 (IN Accident Insurance (PAID Enhanced) - PAID Enhanced Brochure).pdf,,,from agent portal 2026-09-28: PAID Enhanced Brochure
ManhattanLife,Dental Vision Hearing (7016),DVH7016,brochure,client,IN,,DVH7016-IN-BRFSP,0425,IN/Dental Vision Hearing (7016),"DVH7016-IN-BRFSP_0425 (IN Dental Vision Hearing (7016) - Spanish Folded Dental, Vision & Hearing Brochure).pdf",,,"from agent portal 2026-09-28: Spanish Folded Dental, Vision & Hearing Brochure"
ManhattanLife,Dental Vision Hearing (7016),DVH7016,brochure,client,IN,,DVH7016-IN-BRF,0425,IN/Dental Vision Hearing (7016),"DVH7016-IN-BRF_0425 (IN Dental Vision Hearing (7016) - Folded Dental, Vision & Hearing Brochure).pdf",,,"from agent portal 2026-09-28: Folded Dental, Vision & Hearing Brochure"
ManhattanLife,Dental Vision Hearing (7016),DVH7016,brochure,client,IN,,DVH7016-IN-BRSP,0425,IN/Dental Vision Hearing (7016),"DVH7016-IN-BRSP_0425 (IN Dental Vision Hearing (7016) - Spanish Dental, Vision & Hearing Brochure).pdf",,,"from agent portal 2026-09-28: Spanish Dental, Vision & Hearing Brochure"
ManhattanLife,Dental Vision Hearing (7016),DVH7016,brochure,client,IN,,DVH7016-IN-BR,0425,IN/Dental Vision Hearing (7016),"DVH7016-IN-BR_0425 (IN Dental Vision Hearing (7016) - Dental, Vision & Hearing Brochure).pdf",,,"from agent portal 2026-09-28: Dental, Vision & Hearing Brochure"
ManhattanLife,Out-of-Pocket Protection (Gap),GAP,brochure,client,IN,,GAP15-BRSP,0320,IN/Out-of-Pocket Protection (Gap),GAP15-BRSP_0320 (IN Out-of-Pocket Protection (Gap) - Spanish Out-of-Pocket Brochure).pdf,,,from agent portal 2026-09-28: Spanish Out-of-Pocket Brochure
ManhattanLife,Out-of-Pocket Protection (Gap),GAP,brochure,client,IN,,GAP15-BR,0320,IN/Out-of-Pocket Protection (Gap),GAP15-BR_0320 (IN Out-of-Pocket Protection (Gap) - Out-of-Pocket Brochure).pdf,,,from agent portal 2026-09-28: Out-of-Pocket Brochure
ManhattanLife,Affordable Choice,AFC,brochure,client,IN,,AFC7010-BRSP,0424,IN/Affordable Choice,AFC7010-BRSP_0424 (IN Affordable Choice - Spanish Affordable Choice 7010 Brochure).pdf,,,from agent portal 2026-09-28: Spanish Affordable Choice 7010 Brochure
ManhattanLife,Affordable Choice,AFC,brochure,client,IN,,AFC7010-BR,0424,IN/Affordable Choice,AFC7010-BR_0424 (IN Affordable Choice - Affordable Choice 7010 Brochure).pdf,,,from agent portal 2026-09-28: Affordable Choice 7010 Brochure
ManhattanLife,Dental Vision Hearing Select,DVHS,brochure,client,IN,,DVHS-INBRSP,0326,IN/Dental Vision Hearing Select,DVHS-INBRSP_0326 (IN Dental Vision Hearing Select - Spanish DVH Select Brochure).pdf,,,from agent portal 2026-09-28: Spanish DVH Select Brochure
ManhattanLife,Dental Vision Hearing Select,DVHS,brochure,client,IN,,DVHS-INBR,0326,IN/Dental Vision Hearing Select,"DVHS-INBR_0326 (IN Dental Vision Hearing Select - Dental, Vision & Hearing Select Brochure).pdf",,,"from agent portal 2026-09-28: Dental, Vision & Hearing Select Brochure"
ManhattanLife,Home Health Care Select,HHCS,agent-guide,agent,ALL,IN MD PA,AGT-HHC,0926,_agent-guides/Home Health Care Select,AGT-HHC_0926 (3 states Home Health Care Select - Home Health Care Agent Guide - AGENT ONLY).pdf,,,from agent portal 2026-09-28: Home Health Care Agent Guide
ManhattanLife,Home Health Care Select,HHCS,brochure,client,IN,,HHCS-BRSP,0623,IN/Home Health Care Select,HHCS-BRSP_0623 (IN Home Health Care Select - Spanish Home Health Care Select Brochure).pdf,,,from agent portal 2026-09-28: Spanish Home Health Care Select Brochure
ManhattanLife,Home Health Care Select,HHCS,brochure,client,IN,,HHCS-BR,0623,IN/Home Health Care Select,HHCS-BR_0623 (IN Home Health Care Select - Home Health Care Select Brochure).pdf,,,from agent portal 2026-09-28: Home Health Care Select Brochure
ManhattanLife,Home Health Care Select,HHCS,rates,agent,ALL,IN MD PA,HHC_RATES,0826,_rates/Home Health Care Select,HHC_RATES_0826 (3 states Home Health Care Select - Home Health Care Rate Guide).pdf,,,from agent portal 2026-09-28: Home Health Care Rate Guide
ManhattanLife,Cancer Heart Attack and Stroke,CHAS,brochure,client,IN,,CHAS-INBRSP,0525,IN/Cancer Heart Attack and Stroke,"CHAS-INBRSP_0525 (IN Cancer Heart Attack and Stroke - Spanish Cancer, Heart & Stroke Brochure).pdf",,,"from agent portal 2026-09-28: Spanish Cancer, Heart & Stroke Brochure"
ManhattanLife,Cancer Heart Attack and Stroke,CHAS,brochure,client,IN,,CHAS-INBR,0525,IN/Cancer Heart Attack and Stroke,"CHAS-INBR_0525 (IN Cancer Heart Attack and Stroke - Cancer, Heart & Stroke Brochure).pdf",,,"from agent portal 2026-09-28: Cancer, Heart & Stroke Brochure"
ManhattanLife,Short Term Care (OmniFlex),STC,brochure,client,IN,,STC-BRF,0825,IN/Short Term Care (OmniFlex),STC-BRF_0825 (IN Short Term Care (OmniFlex) - Folded Short Term Care Brochure).pdf,,,from agent portal 2026-09-28: Folded Short Term Care Brochure
ManhattanLife,Short Term Care (OmniFlex),STC,brochure,client,IN,,STC-BR,0525,IN/Short Term Care (OmniFlex),STC-BR_0525 (IN Short Term Care (OmniFlex) - Omni-Flex Short Term Care Brochure).pdf,,,from agent portal 2026-09-28: Omni-Flex Short Term Care Brochure
ManhattanLife,Hospital Indemnity Select,HIS,brochure,client,IN,,HIS-BRSP,0126,IN/Hospital Indemnity Select,HIS-BRSP_0126 (IN Hospital Indemnity Select - Spanish Hospital Indemnity Select Brochure).pdf,,,from agent portal 2026-09-28: Spanish Hospital Indemnity Select Brochure
ManhattanLife,Hospital Indemnity Select,HIS,brochure,client,IN,,HIS-BR,0126,IN/Hospital Indemnity Select,HIS-BR_0126 (IN Hospital Indemnity Select - Hospital Indemnity Select Brochure).pdf,,,from agent portal 2026-09-28: Hospital Indemnity Select Brochure
ManhattanLife,Cancer Care Plus,CCP,brochure,client,KS,,CCP-KSNDTN-BR,0420,KS/Cancer Care Plus,CCP-KSNDTN-BR_0420 (KS Cancer Care Plus - Cancer Care Plus Brochure).pdf,,,from agent portal 2026-09-28: Cancer Care Plus Brochure
ManhattanLife,Cancer Care Plus,CCP,agent-guide,agent,ALL,KS MS NV,CP4000-AGT,0925-KSMSNV,_agent-guides/Cancer Care Plus,CP4000-AGT_0925-KSMSNV (3 states Cancer Care Plus - Cancer Care Plus Agent Guide - AGENT ONLY).pdf,,,from agent portal 2026-09-28: Cancer Care Plus Agent Guide
ManhattanLife,Critical Protection and Recovery,CPR,brochure,client,KS,,CPR-BR,0520,KS/Critical Protection and Recovery,CPR-BR_0520 (KS Critical Protection and Recovery - Critical Protection & Recovery Brochure).pdf,,,from agent portal 2026-09-28: Critical Protection & Recovery Brochure
ManhattanLife,Critical Protection and Recovery,CPR,brochure,client,KS,,CPRC-BR,0520,KS/Critical Protection and Recovery,CPRC-BR_0520 (KS Critical Protection and Recovery - Critical Protection & Recovery with Cancer).pdf,,,from agent portal 2026-09-28: Critical Protection & Recovery with Cancer
ManhattanLife,24-Hour Accident,EAEP,brochure,client,KS,,EAEP-BR,0622,KS/24-Hour Accident,EAEP-BR_0622 (KS 24-Hour Accident - 24 Hour Accident Brochure).pdf,,,from agent portal 2026-09-28: 24 Hour Accident Brochure
ManhattanLife,24-Hour Accident,EAEP,brochure,client,KS,,EAEP-SPBR,0622,KS/24-Hour Accident,EAEP-SPBR_0622 (KS 24-Hour Accident - Spanish 24 Hour Accident Brochure).pdf,,,from agent portal 2026-09-28: Spanish 24 Hour Accident Brochure
ManhattanLife,Accident Insurance (PAID Enhanced),PAID,brochure,client,KS,,PAIDEH-BRSP,0524,KS/Accident Insurance (PAID Enhanced),PAIDEH-BRSP_0524 (KS Accident Insurance (PAID Enhanced) - Spanish PAID Enhanced Brochure).pdf,,,from agent portal 2026-09-28: Spanish PAID Enhanced Brochure
ManhattanLife,Accident Insurance (PAID Enhanced),PAID,brochure,client,KS,,PAIDEH-BR,0524,KS/Accident Insurance (PAID Enhanced),PAIDEH-BR_0524 (KS Accident Insurance (PAID Enhanced) - PAID Enhanced Brochure).pdf,,,from agent portal 2026-09-28: PAID Enhanced Brochure
ManhattanLife,Dental Vision Hearing (7016),DVH7016,brochure,client,KS,,DVH7016-ILKSMT-BRFSP,1125,KS/Dental Vision Hearing (7016),"DVH7016-ILKSMT-BRFSP_1125 (KS Dental Vision Hearing (7016) - Spanish Folded Dental, Vision & Hearing Brochure).pdf",,,"from agent portal 2026-09-28: Spanish Folded Dental, Vision & Hearing Brochure"
ManhattanLife,Dental Vision Hearing (7016),DVH7016,brochure,client,KS,,DVH7016-ILKSMT-BRF,1125,KS/Dental Vision Hearing (7016),"DVH7016-ILKSMT-BRF_1125 (KS Dental Vision Hearing (7016) - Folded Dental, Vision & Hearing Brochure).pdf",,,"from agent portal 2026-09-28: Folded Dental, Vision & Hearing Brochure"
ManhattanLife,Dental Vision Hearing (7016),DVH7016,brochure,client,KS,,DVH7016-ILKSMTBRSP,1125,KS/Dental Vision Hearing (7016),"DVH7016-ILKSMTBRSP_1125 (KS Dental Vision Hearing (7016) - Spanish Dental, Vision & Hearing Brochure).pdf",,,"from agent portal 2026-09-28: Spanish Dental, Vision & Hearing Brochure"
ManhattanLife,Dental Vision Hearing (7016),DVH7016,brochure,client,KS,,DVH7016-ILKSMTBR,1125,KS/Dental Vision Hearing (7016),"DVH7016-ILKSMTBR_1125 (KS Dental Vision Hearing (7016) - Dental, Vision & Hearing Brochure).pdf",,,"from agent portal 2026-09-28: Dental, Vision & Hearing Brochure"
ManhattanLife,Dental Vision Hearing Select,DVHS,brochure,client,KS,,DVHS-CAKSTXBRSP,1225,KS/Dental Vision Hearing Select,"DVHS-CAKSTXBRSP_1225 (KS Dental Vision Hearing Select - Spanish Dental, Vision & Hearing Brochure).pdf",,,"from agent portal 2026-09-28: Spanish Dental, Vision & Hearing Brochure"
ManhattanLife,Dental Vision Hearing Select,DVHS,brochure,client,KS,,DVHS-CAKSTXBR,1225,KS/Dental Vision Hearing Select,"DVHS-CAKSTXBR_1225 (KS Dental Vision Hearing Select - Dental, Vision & Hearing Select Brochure).pdf",,,"from agent portal 2026-09-28: Dental, Vision & Hearing Select Brochure"
ManhattanLife,Cancer Heart Attack and Stroke,CHAS,brochure,client,KS,,CHAS-BRSP,0525,KS/Cancer Heart Attack and Stroke,"CHAS-BRSP_0525 (KS Cancer Heart Attack and Stroke - Spanish Cancer, Heart & Stroke Brochure).pdf",,,"from agent portal 2026-09-28: Spanish Cancer, Heart & Stroke Brochure"
ManhattanLife,Cancer Heart Attack and Stroke,CHAS,brochure,client,KS,,CHAS-BR,0525,KS/Cancer Heart Attack and Stroke,"CHAS-BR_0525 (KS Cancer Heart Attack and Stroke - Cancer, Heart & Stroke Brochure).pdf",,,"from agent portal 2026-09-28: Cancer, Heart & Stroke Brochure"
ManhattanLife,Cancer Care Plus,CCP,brochure,client,KY,,CCP-KY-BR,0420,KY/Cancer Care Plus,CCP-KY-BR_0420 (KY Cancer Care Plus - Cancer Care Plus Brochure).pdf,,,from agent portal 2026-09-28: Cancer Care Plus Brochure
ManhattanLife,Critical Protection and Recovery,CPR,brochure,client,KY,,CPR-BR,0520,KY/Critical Protection and Recovery,CPR-BR_0520 (KY Critical Protection and Recovery - Critical Protection & Recovery Brochure).pdf,,,from agent portal 2026-09-28: Critical Protection & Recovery Brochure
ManhattanLife,Critical Protection and Recovery,CPR,brochure,client,KY,,CPRC-BR,0520,KY/Critical Protection and Recovery,CPRC-BR_0520 (KY Critical Protection and Recovery - Critical Protection & Recovery with Cancer).pdf,,,from agent portal 2026-09-28: Critical Protection & Recovery with Cancer
ManhattanLife,24-Hour Accident,EAEP,brochure,client,KY,,EAEP-KYOHPASCUTWI-BR,0224,KY/24-Hour Accident,EAEP-KYOHPASCUTWI-BR_0224 (KY 24-Hour Accident - 24 Hour Accident Brochure).pdf,,,from agent portal 2026-09-28: 24 Hour Accident Brochure
ManhattanLife,Accident Insurance (PAID Enhanced),PAID,brochure,client,KY,,PAIDEH-KYSD-BR,0524,KY/Accident Insurance (PAID Enhanced),PAIDEH-KYSD-BR_0524 (KY Accident Insurance (PAID Enhanced) - PAID Enhanced Brochure).pdf,,,from agent portal 2026-09-28: PAID Enhanced Brochure
ManhattanLife,Dental Vision Hearing (7016),DVH7016,brochure,client,KY,,DVH7016-BR-F,,KY/Dental Vision Hearing (7016),"DVH7016-BR-F (KY Dental Vision Hearing (7016) - Folded Dental, Vision & Hearing Brochure).pdf",,,"from agent portal 2026-09-28: Folded Dental, Vision & Hearing Brochure"
ManhattanLife,Dental Vision Hearing (7016),DVH7016,brochure,client,KY,,DVH7016-BR,,KY/Dental Vision Hearing (7016),"DVH7016-BR (KY Dental Vision Hearing (7016) - Dental, Vision & Hearing 7016 Brochure).pdf",,,"from agent portal 2026-09-28: Dental, Vision & Hearing 7016 Brochure"
ManhattanLife,Dental Vision Hearing (7016),DVH7016,brochure,client,KY,,DVH7016-BRFSP,,KY/Dental Vision Hearing (7016),"DVH7016-BRFSP (KY Dental Vision Hearing (7016) - Spanish Folded Dental, Vision & Hearing Brochure).pdf",,,"from agent portal 2026-09-28: Spanish Folded Dental, Vision & Hearing Brochure"
ManhattanLife,Dental Vision Hearing (7016),DVH7016,brochure,client,KY,,DVH7016-BRSP,,KY/Dental Vision Hearing (7016),"DVH7016-BRSP (KY Dental Vision Hearing (7016) - Spanish Dental, Vision & Hearing Brochure).pdf",,,"from agent portal 2026-09-28: Spanish Dental, Vision & Hearing Brochure"
ManhattanLife,Out-of-Pocket Protection (Gap),GAP,rates,agent,KY,,GAP-KY_RATES,0723,_rates/Out-of-Pocket Protection (Gap),GAP-KY_RATES_0723 (KY Out-of-Pocket Protection (Gap) - Out-of-Pocket Monthly Rates).pdf,,,from agent portal 2026-09-28: Out-of-Pocket Monthly Rates
ManhattanLife,Out-of-Pocket Protection (Gap),GAP,brochure,client,KY,,GAP15-BRSP,0320,KY/Out-of-Pocket Protection (Gap),GAP15-BRSP_0320 (KY Out-of-Pocket Protection (Gap) - Spanish Out-of-Pocket Brochure).pdf,,,from agent portal 2026-09-28: Spanish Out-of-Pocket Brochure
ManhattanLife,Out-of-Pocket Protection (Gap),GAP,brochure,client,KY,,GAP15-BR,0320,KY/Out-of-Pocket Protection (Gap),GAP15-BR_0320 (KY Out-of-Pocket Protection (Gap) - Out-of-Pocket Brochure).pdf,,,from agent portal 2026-09-28: Out-of-Pocket Brochure
ManhattanLife,Affordable Choice,AFC,brochure,client,KY,,AFC7010-KYBRSP,1225,KY/Affordable Choice,AFC7010-KYBRSP_1225 (KY Affordable Choice - Spanish AFC with Specified Disease Brochure).pdf,,,from agent portal 2026-09-28: Spanish AFC with Specified Disease Brochure
ManhattanLife,Affordable Choice,AFC,brochure,client,KY,,AFC7010-KYBR,1225,KY/Affordable Choice,AFC7010-KYBR_1225 (KY Affordable Choice - Affordable Choice Enhanced with Specified Disease Brochure).pdf,,,from agent portal 2026-09-28: Affordable Choice Enhanced with Specified Disease Brochure
ManhattanLife,Dental Vision Hearing Select,DVHS,brochure,client,KY,,DVHS-KYBRSP,0425,KY/Dental Vision Hearing Select,"DVHS-KYBRSP_0425 (KY Dental Vision Hearing Select - Spanish Dental, Vision & Hearing Brochure).pdf",,,"from agent portal 2026-09-28: Spanish Dental, Vision & Hearing Brochure"
ManhattanLife,Dental Vision Hearing Select,DVHS,brochure,client,KY,,DVHS-KYBR,0525,KY/Dental Vision Hearing Select,"DVHS-KYBR_0525 (KY Dental Vision Hearing Select - Dental, Vision and Hearing Select Brochure).pdf",,,"from agent portal 2026-09-28: Dental, Vision and Hearing Select Brochure"
ManhattanLife,Cancer Heart Attack and Stroke,CHAS,brochure,client,KY,,CHAS-BRSP,0525,KY/Cancer Heart Attack and Stroke,"CHAS-BRSP_0525 (KY Cancer Heart Attack and Stroke - Spanish Cancer, Heart & Stroke Brochure).pdf",,,"from agent portal 2026-09-28: Spanish Cancer, Heart & Stroke Brochure"
ManhattanLife,Cancer Heart Attack and Stroke,CHAS,brochure,client,KY,,CHAS-BR,0525,KY/Cancer Heart Attack and Stroke,"CHAS-BR_0525 (KY Cancer Heart Attack and Stroke - Cancer, Heart & Stroke Brochure).pdf",,,"from agent portal 2026-09-28: Cancer, Heart & Stroke Brochure"
ManhattanLife,Short Term Care (OmniFlex),STC,brochure,client,KY,,STC-KYBR,0525,KY/Short Term Care (OmniFlex),STC-KYBR_0525 (KY Short Term Care (OmniFlex) - Omni-Flex Short Term Care Brochure).pdf,,,from agent portal 2026-09-28: Omni-Flex Short Term Care Brochure
ManhattanLife,Hospital Indemnity Select,HIS,brochure,client,KY,,HIS-BRSP,0126,KY/Hospital Indemnity Select,HIS-BRSP_0126 (KY Hospital Indemnity Select - Spanish Hospital Indemnity Select Brochure).pdf,,,from agent portal 2026-09-28: Spanish Hospital Indemnity Select Brochure
ManhattanLife,Hospital Indemnity Select,HIS,brochure,client,KY,,HIS-BR,0126,KY/Hospital Indemnity Select,HIS-BR_0126 (KY Hospital Indemnity Select - Hospital Indemnity Select Brochure).pdf,,,from agent portal 2026-09-28: Hospital Indemnity Select Brochure
ManhattanLife,Cancer Care Plus,CCP,brochure,client,LA,,CCP-BRSP,0420,LA/Cancer Care Plus,CCP-BRSP_0420 (LA Cancer Care Plus - Spanish Cancer Care Plus Brochure).pdf,,,from agent portal 2026-09-28: Spanish Cancer Care Plus Brochure
ManhattanLife,Cancer Care Plus,CCP,brochure,client,LA,,CCP-BR,0420,LA/Cancer Care Plus,CCP-BR_0420 (LA Cancer Care Plus - Cancer Care Plus Brochure).pdf,,,from agent portal 2026-09-28: Cancer Care Plus Brochure
ManhattanLife,Critical Protection and Recovery,CPR,brochure,client,LA,,CPR-BR,0520,LA/Critical Protection and Recovery,CPR-BR_0520 (LA Critical Protection and Recovery - Critical Protection & Recovery Brochure).pdf,,,from agent portal 2026-09-28: Critical Protection & Recovery Brochure
ManhattanLife,Critical Protection and Recovery,CPR,brochure,client,LA,,CPRC-BR,0520,LA/Critical Protection and Recovery,CPRC-BR_0520 (LA Critical Protection and Recovery - Critical Protection & Recovery with Cancer).pdf,,,from agent portal 2026-09-28: Critical Protection & Recovery with Cancer
ManhattanLife,24-Hour Accident,EAEP,brochure,client,LA,,EAEP-LA-BR,0622,LA/24-Hour Accident,EAEP-LA-BR_0622 (LA 24-Hour Accident - 24 Hour Accident Brochure).pdf,,,from agent portal 2026-09-28: 24 Hour Accident Brochure
ManhattanLife,Accident Insurance (PAID Enhanced),PAID,brochure,client,LA,,PAIDEH-BRSP,0524,LA/Accident Insurance (PAID Enhanced),PAIDEH-BRSP_0524 (LA Accident Insurance (PAID Enhanced) - Spanish PAID Enhanced Brochure).pdf,,,from agent portal 2026-09-28: Spanish PAID Enhanced Brochure
ManhattanLife,Accident Insurance (PAID Enhanced),PAID,brochure,client,LA,,PAIDEH-BR,0524,LA/Accident Insurance (PAID Enhanced),PAIDEH-BR_0524 (LA Accident Insurance (PAID Enhanced) - PAID Enhanced Brochure).pdf,,,from agent portal 2026-09-28: PAID Enhanced Brochure
ManhattanLife,Dental Vision Hearing (7016),DVH7016,brochure,client,LA,,DVH7016-BRFSP,0425,LA/Dental Vision Hearing (7016),DVH7016-BRFSP_0425 (LA Dental Vision Hearing (7016) - Spanish Folded DVH7016 Brochure).pdf,,,from agent portal 2026-09-28: Spanish Folded DVH7016 Brochure
ManhattanLife,Dental Vision Hearing (7016),DVH7016,brochure,client,LA,,DVH7016-BRF,0425,LA/Dental Vision Hearing (7016),DVH7016-BRF_0425 (LA Dental Vision Hearing (7016) - Folded DVH7016 Brochure).pdf,,,from agent portal 2026-09-28: Folded DVH7016 Brochure
ManhattanLife,Dental Vision Hearing (7016),DVH7016,brochure,client,LA,,DVH7016-BRSP,0425,LA/Dental Vision Hearing (7016),DVH7016-BRSP_0425 (LA Dental Vision Hearing (7016) - Spanish DVH7016 Brochure).pdf,,,from agent portal 2026-09-28: Spanish DVH7016 Brochure
ManhattanLife,Dental Vision Hearing (7016),DVH7016,brochure,client,LA,,DVH7016-BR,0425,LA/Dental Vision Hearing (7016),"DVH7016-BR_0425 (LA Dental Vision Hearing (7016) - Dental, Vision and Hearing 7016 Brochure).pdf",,,"from agent portal 2026-09-28: Dental, Vision and Hearing 7016 Brochure"
ManhattanLife,Out-of-Pocket Protection (Gap),GAP,brochure,client,LA,,GAP15-BRSP,0320,LA/Out-of-Pocket Protection (Gap),GAP15-BRSP_0320 (LA Out-of-Pocket Protection (Gap) - Spanish Out-of-Pocket Brochure).pdf,,,from agent portal 2026-09-28: Spanish Out-of-Pocket Brochure
ManhattanLife,Out-of-Pocket Protection (Gap),GAP,brochure,client,LA,,GAP15-BR,0320,LA/Out-of-Pocket Protection (Gap),GAP15-BR_0320 (LA Out-of-Pocket Protection (Gap) - Out-of-Pocket Brochure).pdf,,,from agent portal 2026-09-28: Out-of-Pocket Brochure
ManhattanLife,Affordable Choice,AFC,brochure,client,LA,,AFC7010-BRSP,1025,LA/Affordable Choice,AFC7010-BRSP_1025 (LA Affordable Choice - Spanish AFC with Specified Disease Brochure).pdf,,,from agent portal 2026-09-28: Spanish AFC with Specified Disease Brochure
ManhattanLife,Affordable Choice,AFC,brochure,client,LA,,AFC7010-BR,1025,LA/Affordable Choice,AFC7010-BR_1025 (LA Affordable Choice - Affordable Choice Enhanced with Specified Disease Brochure).pdf,,,from agent portal 2026-09-28: Affordable Choice Enhanced with Specified Disease Brochure
ManhattanLife,Dental Vision Hearing Select,DVHS,brochure,client,LA,,DVHS-BRSP,0425,LA/Dental Vision Hearing Select,DVHS-BRSP_0425 (LA Dental Vision Hearing Select - Spanish DVH Select Brochure).pdf,,,from agent portal 2026-09-28: Spanish DVH Select Brochure
ManhattanLife,Dental Vision Hearing Select,DVHS,brochure,client,LA,,DVHS-BR,0926,LA/Dental Vision Hearing Select,"DVHS-BR_0926 (LA Dental Vision Hearing Select - Dental, Vision and Hearing Select).pdf",,,"from agent portal 2026-09-28: Dental, Vision and Hearing Select"
ManhattanLife,Home Health Care Enhanced,HHC,brochure,client,LA,,HHCE-BRF,0726,LA/Home Health Care Enhanced,HHCE-BRF_0726 (LA Home Health Care Enhanced - Trifold Home Health Care Brochure).pdf,,,from agent portal 2026-09-28: Trifold Home Health Care Brochure
ManhattanLife,Home Health Care Enhanced,HHC,brochure,client,LA,,HHCE-BR,0326,LA/Home Health Care Enhanced,HHCE-BR_0326 (LA Home Health Care Enhanced - Home Health Care Enhanced Brochure).pdf,,,from agent portal 2026-09-28: Home Health Care Enhanced Brochure
ManhattanLife,Home Health Care Enhanced,HHC,brochure,client,LA,,HHCE-SPBR,0326,LA/Home Health Care Enhanced,HHCE-SPBR_0326 (LA Home Health Care Enhanced - Spanish Home Health Care Enhanced Brochure).pdf,,,from agent portal 2026-09-28: Spanish Home Health Care Enhanced Brochure
ManhattanLife,Cancer Heart Attack and Stroke,CHAS,brochure,client,LA,,CHAS-BRSP,0525,LA/Cancer Heart Attack and Stroke,"CHAS-BRSP_0525 (LA Cancer Heart Attack and Stroke - Spanish Cancer, Heart & Stroke Brochure).pdf",,,"from agent portal 2026-09-28: Spanish Cancer, Heart & Stroke Brochure"
ManhattanLife,Cancer Heart Attack and Stroke,CHAS,brochure,client,LA,,CHAS-BR,0525,LA/Cancer Heart Attack and Stroke,"CHAS-BR_0525 (LA Cancer Heart Attack and Stroke - Cancer, Heart & Stroke Brochure).pdf",,,"from agent portal 2026-09-28: Cancer, Heart & Stroke Brochure"
ManhattanLife,Short Term Care (OmniFlex),STC,brochure,client,LA,,STC-BRF,0825,LA/Short Term Care (OmniFlex),STC-BRF_0825 (LA Short Term Care (OmniFlex) - Folded Short Term Care Brochure).pdf,,,from agent portal 2026-09-28: Folded Short Term Care Brochure
ManhattanLife,Short Term Care (OmniFlex),STC,brochure,client,LA,,STC-BR,0525,LA/Short Term Care (OmniFlex),STC-BR_0525 (LA Short Term Care (OmniFlex) - Omni-Flex Short Term Care Brochure).pdf,,,from agent portal 2026-09-28: Omni-Flex Short Term Care Brochure
ManhattanLife,Hospital Indemnity Select,HIS,brochure,client,LA,,HIS-BRSP,0126,LA/Hospital Indemnity Select,HIS-BRSP_0126 (LA Hospital Indemnity Select - Spanish Hospital Indemnity Select Brochure).pdf,,,from agent portal 2026-09-28: Spanish Hospital Indemnity Select Brochure
ManhattanLife,Hospital Indemnity Select,HIS,brochure,client,LA,,HIS-BR,0126,LA/Hospital Indemnity Select,HIS-BR_0126 (LA Hospital Indemnity Select - Hospital Indemnity Select Brochure).pdf,,,from agent portal 2026-09-28: Hospital Indemnity Select Brochure
ManhattanLife,Cancer Care Plus,CCP,brochure,client,MD,,CCP-BRSP,0420,MD/Cancer Care Plus,CCP-BRSP_0420 (MD Cancer Care Plus - Spanish Cancer Care Plus Brochure).pdf,,,from agent portal 2026-09-28: Spanish Cancer Care Plus Brochure
ManhattanLife,Cancer Care Plus,CCP,brochure,client,MD,,CCP-BR,0420,MD/Cancer Care Plus,CCP-BR_0420 (MD Cancer Care Plus - Cancer Care Plus Brochure).pdf,,,from agent portal 2026-09-28: Cancer Care Plus Brochure
ManhattanLife,Cancer Care Plus,CCP,agent-guide,agent,ALL,MD OR WI WV WY,CP4000-AGT,1211-GENERIC2,_agent-guides/Cancer Care Plus,CP4000-AGT_1211-GENERIC2 (5 states Cancer Care Plus - CP4000 Limited Cancer and Dread Disease Agent Guide - AGENT ONLY).pdf,,,from agent portal 2026-09-28: CP4000 Limited Cancer and Dread Disease Agent Guide
ManhattanLife,Critical Protection and Recovery,CPR,brochure,client,MD,,CPR-ILMDPASD-BR,0520,MD/Critical Protection and Recovery,CPR-ILMDPASD-BR_0520 (MD Critical Protection and Recovery - Critical Protection and Recovery Brochure).pdf,,,from agent portal 2026-09-28: Critical Protection and Recovery Brochure
ManhattanLife,Critical Protection and Recovery,CPR,brochure,client,MD,,CPRC-ILMDPASD-BR,0520,MD/Critical Protection and Recovery,CPRC-ILMDPASD-BR_0520 (MD Critical Protection and Recovery - Critical Protection and Recovery with Cancer Brochure).pdf,,,from agent portal 2026-09-28: Critical Protection and Recovery with Cancer Brochure
ManhattanLife,Accident Insurance (PAID Enhanced),PAID,brochure,client,MD,,PAID13-MD-BR,0721,MD/Accident Insurance (PAID Enhanced),PAID13-MD-BR_0721 (MD Accident Insurance (PAID Enhanced) - PAID13 Brochure).pdf,,,from agent portal 2026-09-28: PAID13 Brochure
ManhattanLife,Dental Vision Hearing (7016),DVH7016,brochure,client,MD,,DVH7016-MDBRFSP,0525,MD/Dental Vision Hearing (7016),DVH7016-MDBRFSP_0525 (MD Dental Vision Hearing (7016) - Spanish Folded DVH 7016 Brochure).pdf,,,from agent portal 2026-09-28: Spanish Folded DVH 7016 Brochure
ManhattanLife,Dental Vision Hearing (7016),DVH7016,brochure,client,MD,,DVH7016-MDBRF,0525,MD/Dental Vision Hearing (7016),"DVH7016-MDBRF_0525 (MD Dental Vision Hearing (7016) - Folded Dental, Vision & Hearing 7016 Brochure).pdf",,,"from agent portal 2026-09-28: Folded Dental, Vision & Hearing 7016 Brochure"
ManhattanLife,Dental Vision Hearing (7016),DVH7016,brochure,client,MD,,DVH7016-MDBR,0525,MD/Dental Vision Hearing (7016),"DVH7016-MDBR_0525 (MD Dental Vision Hearing (7016) - Dental, Vision & Hearing 7016 Brochure).pdf",,,"from agent portal 2026-09-28: Dental, Vision & Hearing 7016 Brochure"
ManhattanLife,Out-of-Pocket Protection (Gap),GAP,rates,agent,MD,,GAP-MD_RATES,0224,_rates/Out-of-Pocket Protection (Gap),GAP-MD_RATES_0224 (MD Out-of-Pocket Protection (Gap) - Out-of-Pocket Monthly Rates).pdf,,,from agent portal 2026-09-28: Out-of-Pocket Monthly Rates
ManhattanLife,Out-of-Pocket Protection (Gap),GAP,brochure,client,MD,,GAP15-BRSP,0320,MD/Out-of-Pocket Protection (Gap),GAP15-BRSP_0320 (MD Out-of-Pocket Protection (Gap) - Spanish Out-of-Pocket Brochure).pdf,,,from agent portal 2026-09-28: Spanish Out-of-Pocket Brochure
ManhattanLife,Out-of-Pocket Protection (Gap),GAP,brochure,client,MD,,GAP15-BR,0320,MD/Out-of-Pocket Protection (Gap),GAP15-BR_0320 (MD Out-of-Pocket Protection (Gap) - Out-of-Pocket Brochure).pdf,,,from agent portal 2026-09-28: Out-of-Pocket Brochure
ManhattanLife,Affordable Choice,AFC,brochure,client,MD,,AFC7010-MD-BRSP,0424,MD/Affordable Choice,AFC7010-MD-BRSP_0424 (MD Affordable Choice - Spanish Affordable Choice 7010 Brochure).pdf,,,from agent portal 2026-09-28: Spanish Affordable Choice 7010 Brochure
ManhattanLife,Affordable Choice,AFC,brochure,client,MD,,AFC7010-MD-BR,0424,MD/Affordable Choice,AFC7010-MD-BR_0424 (MD Affordable Choice - Affordable Choice 7010 Brochure).pdf,,,from agent portal 2026-09-28: Affordable Choice 7010 Brochure
ManhattanLife,Home Health Care Select,HHCS,brochure,client,MD,,HHCS-BRSP,0623,MD/Home Health Care Select,HHCS-BRSP_0623 (MD Home Health Care Select - Spanish Home Health Care Select Brochure).pdf,,,from agent portal 2026-09-28: Spanish Home Health Care Select Brochure
ManhattanLife,Home Health Care Select,HHCS,brochure,client,MD,,HHCS-BR,0623,MD/Home Health Care Select,HHCS-BR_0623 (MD Home Health Care Select - Home Health Care Select Brochure).pdf,,,from agent portal 2026-09-28: Home Health Care Select Brochure
ManhattanLife,Cancer Heart Attack and Stroke,CHAS,brochure,client,MD,,CHAS-MDBR,0525,MD/Cancer Heart Attack and Stroke,"CHAS-MDBR_0525 (MD Cancer Heart Attack and Stroke - Cancer, Heart & Stroke Brochure).pdf",,,"from agent portal 2026-09-28: Cancer, Heart & Stroke Brochure"
ManhattanLife,Short Term Care (OmniFlex),STC,brochure,client,MD,,STC-BRF,0825,MD/Short Term Care (OmniFlex),STC-BRF_0825 (MD Short Term Care (OmniFlex) - Folded Short Term Care Brochure).pdf,,,from agent portal 2026-09-28: Folded Short Term Care Brochure
ManhattanLife,Short Term Care (OmniFlex),STC,brochure,client,MD,,STC-BR,0525,MD/Short Term Care (OmniFlex),STC-BR_0525 (MD Short Term Care (OmniFlex) - Omni-Flex Short Term Care Brochure).pdf,,,from agent portal 2026-09-28: Omni-Flex Short Term Care Brochure
ManhattanLife,Hospital Indemnity Select,HIS,brochure,client,MD,,HIS-BRSP,0126,MD/Hospital Indemnity Select,HIS-BRSP_0126 (MD Hospital Indemnity Select - Spanish Hospital Indemnity Select Brochure).pdf,,,from agent portal 2026-09-28: Spanish Hospital Indemnity Select Brochure
ManhattanLife,Hospital Indemnity Select,HIS,brochure,client,MD,,HIS-BR,0126,MD/Hospital Indemnity Select,HIS-BR_0126 (MD Hospital Indemnity Select - Hospital Indemnity Select Brochure).pdf,,,from agent portal 2026-09-28: Hospital Indemnity Select Brochure
ManhattanLife,Out-of-Pocket Protection (Gap),GAP,rates,agent,ME,,GAP-MEUT_RATES,0523,_rates/Out-of-Pocket Protection (Gap),GAP-MEUT_RATES_0523 (ME Out-of-Pocket Protection (Gap) - Out-of-Pocket Monthly Rates).pdf,,,from agent portal 2026-09-28: Out-of-Pocket Monthly Rates
ManhattanLife,Out-of-Pocket Protection (Gap),GAP,brochure,client,ME,,GAP15-BRSP,0320,ME/Out-of-Pocket Protection (Gap),GAP15-BRSP_0320 (ME Out-of-Pocket Protection (Gap) - Spanish Out-of-Pocket Brochure).pdf,,,from agent portal 2026-09-28: Spanish Out-of-Pocket Brochure
ManhattanLife,Out-of-Pocket Protection (Gap),GAP,brochure,client,ME,,GAP15-BR,0320,ME/Out-of-Pocket Protection (Gap),GAP15-BR_0320 (ME Out-of-Pocket Protection (Gap) - Out-of-Pocket Brochure).pdf,,,from agent portal 2026-09-28: Out-of-Pocket Brochure
ManhattanLife,Affordable Choice,AFC,brochure,client,ME,,AFC7010-BRSP,1025,ME/Affordable Choice,AFC7010-BRSP_1025 (ME Affordable Choice - Spanish AFC with Specified Disease Brochure).pdf,,,from agent portal 2026-09-28: Spanish AFC with Specified Disease Brochure
ManhattanLife,Affordable Choice,AFC,brochure,client,ME,,AFC7010-BR,1025,ME/Affordable Choice,AFC7010-BR_1025 (ME Affordable Choice - Affordable Choice Enhanced with Specified Disease Brochure).pdf,,,from agent portal 2026-09-28: Affordable Choice Enhanced with Specified Disease Brochure
ManhattanLife,Dental Vision Hearing Select,DVHS,brochure,client,ME,,DVHS-BRSP,0425,ME/Dental Vision Hearing Select,DVHS-BRSP_0425 (ME Dental Vision Hearing Select - Spanish DVH Select Brochure).pdf,,,from agent portal 2026-09-28: Spanish DVH Select Brochure
ManhattanLife,Dental Vision Hearing Select,DVHS,brochure,client,ME,,DVHS-BR,0926,ME/Dental Vision Hearing Select,"DVHS-BR_0926 (ME Dental Vision Hearing Select - Dental, Vision and Hearing Select).pdf",,,"from agent portal 2026-09-28: Dental, Vision and Hearing Select"
ManhattanLife,Home Health Care Enhanced,HHC,brochure,client,ME,,HHCE-BRF,0726,ME/Home Health Care Enhanced,HHCE-BRF_0726 (ME Home Health Care Enhanced - Trifold Home Health Care Brochure).pdf,,,from agent portal 2026-09-28: Trifold Home Health Care Brochure
ManhattanLife,Home Health Care Enhanced,HHC,brochure,client,ME,,HHCE-BR,0326,ME/Home Health Care Enhanced,HHCE-BR_0326 (ME Home Health Care Enhanced - Home Health Care Enhanced Brochure).pdf,,,from agent portal 2026-09-28: Home Health Care Enhanced Brochure
ManhattanLife,Home Health Care Enhanced,HHC,brochure,client,ME,,HHCE-SPBR,0326,ME/Home Health Care Enhanced,HHCE-SPBR_0326 (ME Home Health Care Enhanced - Spanish Home Health Care Enhanced Brochure).pdf,,,from agent portal 2026-09-28: Spanish Home Health Care Enhanced Brochure
ManhattanLife,Cancer Heart Attack and Stroke,CHAS,brochure,client,ME,,CHAS-BRSP,0525,ME/Cancer Heart Attack and Stroke,"CHAS-BRSP_0525 (ME Cancer Heart Attack and Stroke - Spanish Cancer, Heart & Stroke Brochure).pdf",,,"from agent portal 2026-09-28: Spanish Cancer, Heart & Stroke Brochure"
ManhattanLife,Cancer Heart Attack and Stroke,CHAS,brochure,client,ME,,CHAS-BR,0525,ME/Cancer Heart Attack and Stroke,"CHAS-BR_0525 (ME Cancer Heart Attack and Stroke - Cancer, Heart & Stroke Brochure).pdf",,,"from agent portal 2026-09-28: Cancer, Heart & Stroke Brochure"
ManhattanLife,Short Term Care (OmniFlex),STC,brochure,client,ME,,STC-BRF,0825,ME/Short Term Care (OmniFlex),STC-BRF_0825 (ME Short Term Care (OmniFlex) - Folded Short Term Care Brochure).pdf,,,from agent portal 2026-09-28: Folded Short Term Care Brochure
ManhattanLife,Short Term Care (OmniFlex),STC,brochure,client,ME,,STC-BR,0525,ME/Short Term Care (OmniFlex),STC-BR_0525 (ME Short Term Care (OmniFlex) - Omni-Flex Short Term Care Brochure).pdf,,,from agent portal 2026-09-28: Omni-Flex Short Term Care Brochure
ManhattanLife,Accident Insurance (PAID Enhanced),PAID,brochure,client,MI,,PAIDEH-MIBR,0825,MI/Accident Insurance (PAID Enhanced),PAIDEH-MIBR_0825 (MI Accident Insurance (PAID Enhanced) - PAID Enhanced Brochure).pdf,,,from agent portal 2026-09-28: PAID Enhanced Brochure
ManhattanLife,Dental Vision Hearing (7016),DVH7016,brochure,client,MI,,DVH7016-MIBR-1025,,MI/Dental Vision Hearing (7016),"DVH7016-MIBR-1025 (MI Dental Vision Hearing (7016) - Dental, Vision & Hearing 7016 Brochure).pdf",,,"from agent portal 2026-09-28: Dental, Vision & Hearing 7016 Brochure"
ManhattanLife,Dental Vision Hearing (7016),DVH7016,brochure,client,MI,,DVH7016-MIBRF-1025,,MI/Dental Vision Hearing (7016),"DVH7016-MIBRF-1025 (MI Dental Vision Hearing (7016) - Folded Dental, Vision & Hearing 7016 Brochure).pdf",,,"from agent portal 2026-09-28: Folded Dental, Vision & Hearing 7016 Brochure"
ManhattanLife,Dental Vision Hearing (7016),DVH7016,brochure,client,MI,,DVH7016-MIBRFSP-1025,,MI/Dental Vision Hearing (7016),"DVH7016-MIBRFSP-1025 (MI Dental Vision Hearing (7016) - Spanish Folded Dental, Vision & Hearing 7016 Brochure).pdf",,,"from agent portal 2026-09-28: Spanish Folded Dental, Vision & Hearing 7016 Brochure"
ManhattanLife,Dental Vision Hearing (7016),DVH7016,brochure,client,MI,,DVH7016-MIBRSP-1025,,MI/Dental Vision Hearing (7016),"DVH7016-MIBRSP-1025 (MI Dental Vision Hearing (7016) - Spanish Dental, Vision & Hearing Brochure).pdf",,,"from agent portal 2026-09-28: Spanish Dental, Vision & Hearing Brochure"
ManhattanLife,Out-of-Pocket Protection (Gap),GAP,brochure,client,MI,,GAP15-BRSP,0320,MI/Out-of-Pocket Protection (Gap),GAP15-BRSP_0320 (MI Out-of-Pocket Protection (Gap) - Spanish Out-of-Pocket Brochure).pdf,,,from agent portal 2026-09-28: Spanish Out-of-Pocket Brochure
ManhattanLife,Out-of-Pocket Protection (Gap),GAP,brochure,client,MI,,GAP15-BR,0320,MI/Out-of-Pocket Protection (Gap),GAP15-BR_0320 (MI Out-of-Pocket Protection (Gap) - Out-of-Pocket Brochure).pdf,,,from agent portal 2026-09-28: Out-of-Pocket Brochure
ManhattanLife,Out-of-Pocket Protection (Gap),GAP,rates,agent,ALL,MI MO NC NM,GAP_RATES,0320,_rates/Out-of-Pocket Protection (Gap),GAP_RATES_0320 (4 states Out-of-Pocket Protection (Gap) - Out-of-Pocket Monthly Rates).pdf,,,from agent portal 2026-09-28: Out-of-Pocket Monthly Rates
ManhattanLife,Affordable Choice,AFC,brochure,client,MI,,AFC7010-BRSP,1025,MI/Affordable Choice,AFC7010-BRSP_1025 (MI Affordable Choice - Spanish AFC with Specified Disease Brochure).pdf,,,from agent portal 2026-09-28: Spanish AFC with Specified Disease Brochure
ManhattanLife,Affordable Choice,AFC,brochure,client,MI,,AFC7010-BR,1025,MI/Affordable Choice,AFC7010-BR_1025 (MI Affordable Choice - Affordable Choice Enhanced with Specified Disease Brochure).pdf,,,from agent portal 2026-09-28: Affordable Choice Enhanced with Specified Disease Brochure
ManhattanLife,Dental Vision Hearing Select,DVHS,brochure,client,MI,,DVHS-MIBRSP,1125,MI/Dental Vision Hearing Select,"DVHS-MIBRSP_1125 (MI Dental Vision Hearing Select - Spanish Dental, Vision & Hearing Select Brochure).pdf",,,"from agent portal 2026-09-28: Spanish Dental, Vision & Hearing Select Brochure"
ManhattanLife,Dental Vision Hearing Select,DVHS,brochure,client,MI,,DVHS-MIBR,1125,MI/Dental Vision Hearing Select,"DVHS-MIBR_1125 (MI Dental Vision Hearing Select - Dental, Vision & Hearing Select Brochure).pdf",,,"from agent portal 2026-09-28: Dental, Vision & Hearing Select Brochure"
ManhattanLife,Home Health Care Enhanced,HHC,brochure,client,MI,,HHCE-BRF,0726,MI/Home Health Care Enhanced,HHCE-BRF_0726 (MI Home Health Care Enhanced - Trifold Home Health Care Brochure).pdf,,,from agent portal 2026-09-28: Trifold Home Health Care Brochure
ManhattanLife,Home Health Care Enhanced,HHC,brochure,client,MI,,HHCE-BR,0326,MI/Home Health Care Enhanced,HHCE-BR_0326 (MI Home Health Care Enhanced - Home Health Care Enhanced Brochure).pdf,,,from agent portal 2026-09-28: Home Health Care Enhanced Brochure
ManhattanLife,Home Health Care Enhanced,HHC,brochure,client,MI,,HHCE-SPBR,0326,MI/Home Health Care Enhanced,HHCE-SPBR_0326 (MI Home Health Care Enhanced - Spanish Home Health Care Enhanced Brochure).pdf,,,from agent portal 2026-09-28: Spanish Home Health Care Enhanced Brochure
ManhattanLife,Cancer Heart Attack and Stroke,CHAS,brochure,client,MI,,CHAS-BRSP,0525,MI/Cancer Heart Attack and Stroke,"CHAS-BRSP_0525 (MI Cancer Heart Attack and Stroke - Spanish Cancer, Heart & Stroke Brochure).pdf",,,"from agent portal 2026-09-28: Spanish Cancer, Heart & Stroke Brochure"
ManhattanLife,Cancer Heart Attack and Stroke,CHAS,brochure,client,MI,,CHAS-BR,0525,MI/Cancer Heart Attack and Stroke,"CHAS-BR_0525 (MI Cancer Heart Attack and Stroke - Cancer, Heart & Stroke Brochure).pdf",,,"from agent portal 2026-09-28: Cancer, Heart & Stroke Brochure"
ManhattanLife,Short Term Care (OmniFlex),STC,brochure,client,MI,,STC-BRF,0825,MI/Short Term Care (OmniFlex),STC-BRF_0825 (MI Short Term Care (OmniFlex) - Folded Short Term Care Brochure).pdf,,,from agent portal 2026-09-28: Folded Short Term Care Brochure
ManhattanLife,Short Term Care (OmniFlex),STC,brochure,client,MI,,STC-BR,0525,MI/Short Term Care (OmniFlex),STC-BR_0525 (MI Short Term Care (OmniFlex) - Omni-Flex Short Term Care Brochure).pdf,,,from agent portal 2026-09-28: Omni-Flex Short Term Care Brochure
ManhattanLife,Hospital Indemnity Select,HIS,brochure,client,MI,,HIS-BRSP,0126,MI/Hospital Indemnity Select,HIS-BRSP_0126 (MI Hospital Indemnity Select - Spanish Hospital Indemnity Select Brochure).pdf,,,from agent portal 2026-09-28: Spanish Hospital Indemnity Select Brochure
ManhattanLife,Hospital Indemnity Select,HIS,brochure,client,MI,,HIS-BR,0126,MI/Hospital Indemnity Select,HIS-BR_0126 (MI Hospital Indemnity Select - Hospital Indemnity Select Brochure).pdf,,,from agent portal 2026-09-28: Hospital Indemnity Select Brochure
ManhattanLife,Cancer Care Plus,CCP,brochure,client,MN,,CCP-BRSP,0420,MN/Cancer Care Plus,CCP-BRSP_0420 (MN Cancer Care Plus - Spanish Cancer Care Plus Brochure).pdf,,,from agent portal 2026-09-28: Spanish Cancer Care Plus Brochure
ManhattanLife,Cancer Care Plus,CCP,brochure,client,MN,,CCP-BR,0420,MN/Cancer Care Plus,CCP-BR_0420 (MN Cancer Care Plus - Cancer Care Plus Brochure).pdf,,,from agent portal 2026-09-28: Cancer Care Plus Brochure
ManhattanLife,Cancer Care Plus,CCP,agent-guide,agent,MN,,CP4000-AGT,1211-MN,_agent-guides/Cancer Care Plus,CP4000-AGT_1211-MN (MN Cancer Care Plus - CP4000 Limited Cancer and Dread Disease Agent Guide - AGENT ONLY).pdf,,,from agent portal 2026-09-28: CP4000 Limited Cancer and Dread Disease Agent Guide
ManhattanLife,24-Hour Accident,EAEP,brochure,client,MN,,EAEP-MN-BR,0825,MN/24-Hour Accident,EAEP-MN-BR_0825 (MN 24-Hour Accident - 24 Hour Accident Brochure).pdf,,,from agent portal 2026-09-28: 24 Hour Accident Brochure
ManhattanLife,Out-of-Pocket Protection (Gap),GAP,rates,agent,ALL,MN SD,GAP-MNSD_RATES,0523,_rates/Out-of-Pocket Protection (Gap),GAP-MNSD_RATES_0523 (2 states Out-of-Pocket Protection (Gap) - Out-of-Pocket Monthly Rates).pdf,,,from agent portal 2026-09-28: Out-of-Pocket Monthly Rates
ManhattanLife,Out-of-Pocket Protection (Gap),GAP,brochure,client,MN,,GAP15-BRSP,0320,MN/Out-of-Pocket Protection (Gap),GAP15-BRSP_0320 (MN Out-of-Pocket Protection (Gap) - Spanish Out-of-Pocket Brochure).pdf,,,from agent portal 2026-09-28: Spanish Out-of-Pocket Brochure
ManhattanLife,Out-of-Pocket Protection (Gap),GAP,brochure,client,MN,,GAP15-BR,0320,MN/Out-of-Pocket Protection (Gap),GAP15-BR_0320 (MN Out-of-Pocket Protection (Gap) - Out-of-Pocket Brochure).pdf,,,from agent portal 2026-09-28: Out-of-Pocket Brochure
ManhattanLife,Affordable Choice,AFC,brochure,client,MN,,AFC7010-MN-BR,0226,MN/Affordable Choice,AFC7010-MN-BR_0226 (MN Affordable Choice - Affordable Choice Enhanced W-Specified Disease Brochure).pdf,,,from agent portal 2026-09-28: Affordable Choice Enhanced W-Specified Disease Brochure
ManhattanLife,Dental Vision Hearing Select,DVHS,brochure,client,MN,,DVHS-MNBR,0525,MN/Dental Vision Hearing Select,"DVHS-MNBR_0525 (MN Dental Vision Hearing Select - Dental, Vision and Hearing Select Brochure).pdf",,,"from agent portal 2026-09-28: Dental, Vision and Hearing Select Brochure"
ManhattanLife,Cancer Heart Attack and Stroke,CHAS,brochure,client,MN,,CHAS-MNBR,0525,MN/Cancer Heart Attack and Stroke,"CHAS-MNBR_0525 (MN Cancer Heart Attack and Stroke - Cancer, Heart & Stroke Brochure).pdf",,,"from agent portal 2026-09-28: Cancer, Heart & Stroke Brochure"
ManhattanLife,Hospital Indemnity Select,HIS,brochure,client,MN,,HIS-BRSP,0126,MN/Hospital Indemnity Select,HIS-BRSP_0126 (MN Hospital Indemnity Select - Spanish Hospital Indemnity Select Brochure).pdf,,,from agent portal 2026-09-28: Spanish Hospital Indemnity Select Brochure
ManhattanLife,Hospital Indemnity Select,HIS,brochure,client,MN,,HIS-BR,0126,MN/Hospital Indemnity Select,HIS-BR_0126 (MN Hospital Indemnity Select - Hospital Indemnity Select Brochure).pdf,,,from agent portal 2026-09-28: Hospital Indemnity Select Brochure
ManhattanLife,Cancer Care Plus,CCP,brochure,client,MO,,CCP-BRSP,0420,MO/Cancer Care Plus,CCP-BRSP_0420 (MO Cancer Care Plus - Spanish Cancer Care Plus Brochure).pdf,,,from agent portal 2026-09-28: Spanish Cancer Care Plus Brochure
ManhattanLife,Cancer Care Plus,CCP,brochure,client,MO,,CCP-BR,0420,MO/Cancer Care Plus,CCP-BR_0420 (MO Cancer Care Plus - Cancer Care Plus Brochure).pdf,,,from agent portal 2026-09-28: Cancer Care Plus Brochure
ManhattanLife,Critical Protection and Recovery,CPR,brochure,client,MO,,CPR-BR,0520,MO/Critical Protection and Recovery,CPR-BR_0520 (MO Critical Protection and Recovery - Critical Protection & Recovery Brochure).pdf,,,from agent portal 2026-09-28: Critical Protection & Recovery Brochure
ManhattanLife,Critical Protection and Recovery,CPR,brochure,client,MO,,CPRC-BR,0520,MO/Critical Protection and Recovery,CPRC-BR_0520 (MO Critical Protection and Recovery - Critical Protection & Recovery with Cancer).pdf,,,from agent portal 2026-09-28: Critical Protection & Recovery with Cancer
ManhattanLife,24-Hour Accident,EAEP,brochure,client,MO,,EAEP-BR,0622,MO/24-Hour Accident,EAEP-BR_0622 (MO 24-Hour Accident - 24 Hour Accident Brochure).pdf,,,from agent portal 2026-09-28: 24 Hour Accident Brochure
ManhattanLife,24-Hour Accident,EAEP,brochure,client,MO,,EAEP-SPBR,0622,MO/24-Hour Accident,EAEP-SPBR_0622 (MO 24-Hour Accident - Spanish 24 Hour Accident Brochure).pdf,,,from agent portal 2026-09-28: Spanish 24 Hour Accident Brochure
ManhattanLife,Accident Insurance (PAID Enhanced),PAID,brochure,client,MO,,PAIDEH-BRSP,0524,MO/Accident Insurance (PAID Enhanced),PAIDEH-BRSP_0524 (MO Accident Insurance (PAID Enhanced) - Spanish PAID Enhanced Brochure).pdf,,,from agent portal 2026-09-28: Spanish PAID Enhanced Brochure
ManhattanLife,Accident Insurance (PAID Enhanced),PAID,brochure,client,MO,,PAIDEH-BR,0524,MO/Accident Insurance (PAID Enhanced),PAIDEH-BR_0524 (MO Accident Insurance (PAID Enhanced) - PAID Enhanced Brochure).pdf,,,from agent portal 2026-09-28: PAID Enhanced Brochure
ManhattanLife,Dental Vision Hearing (7016),DVH7016,brochure,client,MO,,DVH7016-MO-BRFSP,0624,MO/Dental Vision Hearing (7016),"DVH7016-MO-BRFSP_0624 (MO Dental Vision Hearing (7016) - Spanish Folded Dental, Vision & Hearing Brochure).pdf",,,"from agent portal 2026-09-28: Spanish Folded Dental, Vision & Hearing Brochure"
ManhattanLife,Dental Vision Hearing (7016),DVH7016,brochure,client,MO,,DVH7016-MO-BRF,0624,MO/Dental Vision Hearing (7016),"DVH7016-MO-BRF_0624 (MO Dental Vision Hearing (7016) - Folded Dental, Vision & Hearing Brochure).pdf",,,"from agent portal 2026-09-28: Folded Dental, Vision & Hearing Brochure"
ManhattanLife,Dental Vision Hearing (7016),DVH7016,brochure,client,MO,,DVH7016-MO-BRSP,0624,MO/Dental Vision Hearing (7016),"DVH7016-MO-BRSP_0624 (MO Dental Vision Hearing (7016) - Spanish Dental, Vision & Hearing Brochure).pdf",,,"from agent portal 2026-09-28: Spanish Dental, Vision & Hearing Brochure"
ManhattanLife,Dental Vision Hearing (7016),DVH7016,brochure,client,MO,,DVH7016-MO-BR,0624,MO/Dental Vision Hearing (7016),"DVH7016-MO-BR_0624 (MO Dental Vision Hearing (7016) - Dental, Vision & Hearing Brochure).pdf",,,"from agent portal 2026-09-28: Dental, Vision & Hearing Brochure"
ManhattanLife,Out-of-Pocket Protection (Gap),GAP,brochure,client,MO,,GAP15-BRSP,0320,MO/Out-of-Pocket Protection (Gap),GAP15-BRSP_0320 (MO Out-of-Pocket Protection (Gap) - Spanish Out-of-Pocket Brochure).pdf,,,from agent portal 2026-09-28: Spanish Out-of-Pocket Brochure
ManhattanLife,Out-of-Pocket Protection (Gap),GAP,brochure,client,MO,,GAP15-BR,0320,MO/Out-of-Pocket Protection (Gap),GAP15-BR_0320 (MO Out-of-Pocket Protection (Gap) - Out-of-Pocket Brochure).pdf,,,from agent portal 2026-09-28: Out-of-Pocket Brochure
ManhattanLife,Affordable Choice,AFC,brochure,client,MO,,AFC7010-BRSP,1025,MO/Affordable Choice,AFC7010-BRSP_1025 (MO Affordable Choice - Spanish AFC with Specified Disease Brochure).pdf,,,from agent portal 2026-09-28: Spanish AFC with Specified Disease Brochure
ManhattanLife,Affordable Choice,AFC,brochure,client,MO,,AFC7010-BR,1025,MO/Affordable Choice,AFC7010-BR_1025 (MO Affordable Choice - Affordable Choice Enhanced with Specified Disease Brochure).pdf,,,from agent portal 2026-09-28: Affordable Choice Enhanced with Specified Disease Brochure
ManhattanLife,Dental Vision Hearing Select,DVHS,brochure,client,MO,,DVHS-BRSP,0425,MO/Dental Vision Hearing Select,DVHS-BRSP_0425 (MO Dental Vision Hearing Select - Spanish DVH Select Brochure).pdf,,,from agent portal 2026-09-28: Spanish DVH Select Brochure
ManhattanLife,Home Health Care Enhanced,HHC,brochure,client,MO,,HHCE-BRF,0726,MO/Home Health Care Enhanced,HHCE-BRF_0726 (MO Home Health Care Enhanced - Trifold Home Health Care Brochure).pdf,,,from agent portal 2026-09-28: Trifold Home Health Care Brochure
ManhattanLife,Home Health Care Enhanced,HHC,brochure,client,MO,,HHCE-BR,0326,MO/Home Health Care Enhanced,HHCE-BR_0326 (MO Home Health Care Enhanced - Home Health Care Enhanced Brochure).pdf,,,from agent portal 2026-09-28: Home Health Care Enhanced Brochure
ManhattanLife,Home Health Care Enhanced,HHC,brochure,client,MO,,HHCE-SPBR,0326,MO/Home Health Care Enhanced,HHCE-SPBR_0326 (MO Home Health Care Enhanced - Spanish Home Health Care Enhanced Brochure).pdf,,,from agent portal 2026-09-28: Spanish Home Health Care Enhanced Brochure
ManhattanLife,Cancer Heart Attack and Stroke,CHAS,brochure,client,MO,,CHAS-BRSP,0525,MO/Cancer Heart Attack and Stroke,"CHAS-BRSP_0525 (MO Cancer Heart Attack and Stroke - Spanish Cancer, Heart & Stroke Brochure).pdf",,,"from agent portal 2026-09-28: Spanish Cancer, Heart & Stroke Brochure"
ManhattanLife,Cancer Heart Attack and Stroke,CHAS,brochure,client,MO,,CHAS-BR,0525,MO/Cancer Heart Attack and Stroke,"CHAS-BR_0525 (MO Cancer Heart Attack and Stroke - Cancer, Heart & Stroke Brochure).pdf",,,"from agent portal 2026-09-28: Cancer, Heart & Stroke Brochure"
ManhattanLife,Short Term Care (OmniFlex),STC,brochure,client,MO,,STC-BRF,0825,MO/Short Term Care (OmniFlex),STC-BRF_0825 (MO Short Term Care (OmniFlex) - Folded Short Term Care Brochure).pdf,,,from agent portal 2026-09-28: Folded Short Term Care Brochure
ManhattanLife,Short Term Care (OmniFlex),STC,brochure,client,MO,,STC-BR,0525,MO/Short Term Care (OmniFlex),STC-BR_0525 (MO Short Term Care (OmniFlex) - Omni-Flex Short Term Care Brochure).pdf,,,from agent portal 2026-09-28: Omni-Flex Short Term Care Brochure
ManhattanLife,Hospital Indemnity Select,HIS,brochure,client,MO,,HIS-BRSP,0126,MO/Hospital Indemnity Select,HIS-BRSP_0126 (MO Hospital Indemnity Select - Spanish Hospital Indemnity Select Brochure).pdf,,,from agent portal 2026-09-28: Spanish Hospital Indemnity Select Brochure
ManhattanLife,Hospital Indemnity Select,HIS,brochure,client,MO,,HIS-BR,0126,MO/Hospital Indemnity Select,HIS-BR_0126 (MO Hospital Indemnity Select - Hospital Indemnity Select Brochure).pdf,,,from agent portal 2026-09-28: Hospital Indemnity Select Brochure
ManhattanLife,Cancer Care Plus,CCP,brochure,client,MS,,CCP-BRSP,0420,MS/Cancer Care Plus,CCP-BRSP_0420 (MS Cancer Care Plus - Spanish Cancer Care Plus Brochure).pdf,,,from agent portal 2026-09-28: Spanish Cancer Care Plus Brochure
ManhattanLife,Cancer Care Plus,CCP,brochure,client,MS,,CCP-BR,0420,MS/Cancer Care Plus,CCP-BR_0420 (MS Cancer Care Plus - Cancer Care Plus Brochure).pdf,,,from agent portal 2026-09-28: Cancer Care Plus Brochure
ManhattanLife,Critical Protection and Recovery,CPR,brochure,client,MS,,CPR-BR,0520,MS/Critical Protection and Recovery,CPR-BR_0520 (MS Critical Protection and Recovery - Critical Protection & Recovery Brochure).pdf,,,from agent portal 2026-09-28: Critical Protection & Recovery Brochure
ManhattanLife,Critical Protection and Recovery,CPR,brochure,client,MS,,CPRC-BR,0520,MS/Critical Protection and Recovery,CPRC-BR_0520 (MS Critical Protection and Recovery - Critical Protection & Recovery with Cancer).pdf,,,from agent portal 2026-09-28: Critical Protection & Recovery with Cancer
ManhattanLife,24-Hour Accident,EAEP,brochure,client,MS,,EAEP-BR,0622,MS/24-Hour Accident,EAEP-BR_0622 (MS 24-Hour Accident - 24 Hour Accident Brochure).pdf,,,from agent portal 2026-09-28: 24 Hour Accident Brochure
ManhattanLife,24-Hour Accident,EAEP,brochure,client,MS,,EAEP-SPBR,0622,MS/24-Hour Accident,EAEP-SPBR_0622 (MS 24-Hour Accident - Spanish 24 Hour Accident Brochure).pdf,,,from agent portal 2026-09-28: Spanish 24 Hour Accident Brochure
ManhattanLife,Accident Insurance (PAID Enhanced),PAID,brochure,client,MS,,PAIDEH-BRSP,0524,MS/Accident Insurance (PAID Enhanced),PAIDEH-BRSP_0524 (MS Accident Insurance (PAID Enhanced) - Spanish PAID Enhanced Brochure).pdf,,,from agent portal 2026-09-28: Spanish PAID Enhanced Brochure
ManhattanLife,Accident Insurance (PAID Enhanced),PAID,brochure,client,MS,,PAIDEH-BR,0524,MS/Accident Insurance (PAID Enhanced),PAIDEH-BR_0524 (MS Accident Insurance (PAID Enhanced) - PAID Enhanced Brochure).pdf,,,from agent portal 2026-09-28: PAID Enhanced Brochure
ManhattanLife,Dental Vision Hearing (7016),DVH7016,brochure,client,MS,,DVH7016-MS-BRFSP,0923,MS/Dental Vision Hearing (7016),DVH7016-MS-BRFSP_0923 (MS Dental Vision Hearing (7016) - Spanish Folded DVH7016 Brochure).pdf,,,from agent portal 2026-09-28: Spanish Folded DVH7016 Brochure
ManhattanLife,Dental Vision Hearing (7016),DVH7016,brochure,client,MS,,DVH7016-MS-BRF,0923,MS/Dental Vision Hearing (7016),"DVH7016-MS-BRF_0923 (MS Dental Vision Hearing (7016) - Folded Dental, Vision & Hearing Brochure).pdf",,,"from agent portal 2026-09-28: Folded Dental, Vision & Hearing Brochure"
ManhattanLife,Dental Vision Hearing (7016),DVH7016,brochure,client,MS,,DVH7016-MS-BRSP,0923,MS/Dental Vision Hearing (7016),"DVH7016-MS-BRSP_0923 (MS Dental Vision Hearing (7016) - Spanish Dental, Vision & Hearing 7016 Brochure).pdf",,,"from agent portal 2026-09-28: Spanish Dental, Vision & Hearing 7016 Brochure"
ManhattanLife,Dental Vision Hearing (7016),DVH7016,brochure,client,MS,,DVH7016-MS-BR,0923,MS/Dental Vision Hearing (7016),"DVH7016-MS-BR_0923 (MS Dental Vision Hearing (7016) - Dental, Vision & Hearing Brochure).pdf",,,"from agent portal 2026-09-28: Dental, Vision & Hearing Brochure"
ManhattanLife,Out-of-Pocket Protection (Gap),GAP,rates,agent,MS,,GAP-MS_RATES,0823,_rates/Out-of-Pocket Protection (Gap),GAP-MS_RATES_0823 (MS Out-of-Pocket Protection (Gap) - Out-of-Pocket Monthly Rates).pdf,,,from agent portal 2026-09-28: Out-of-Pocket Monthly Rates
ManhattanLife,Out-of-Pocket Protection (Gap),GAP,brochure,client,MS,,GAP15-BRSP,0320,MS/Out-of-Pocket Protection (Gap),GAP15-BRSP_0320 (MS Out-of-Pocket Protection (Gap) - Spanish Out-of-Pocket Brochure).pdf,,,from agent portal 2026-09-28: Spanish Out-of-Pocket Brochure
ManhattanLife,Out-of-Pocket Protection (Gap),GAP,brochure,client,MS,,GAP15-BR,0320,MS/Out-of-Pocket Protection (Gap),GAP15-BR_0320 (MS Out-of-Pocket Protection (Gap) - Out-of-Pocket Brochure).pdf,,,from agent portal 2026-09-28: Out-of-Pocket Brochure
ManhattanLife,Affordable Choice,AFC,brochure,client,MS,,AFC7010-BRSP,1025,MS/Affordable Choice,AFC7010-BRSP_1025 (MS Affordable Choice - Spanish AFC with Specified Disease Brochure).pdf,,,from agent portal 2026-09-28: Spanish AFC with Specified Disease Brochure
ManhattanLife,Affordable Choice,AFC,brochure,client,MS,,AFC7010-BR,1025,MS/Affordable Choice,AFC7010-BR_1025 (MS Affordable Choice - Affordable Choice Enhanced with Specified Disease Brochure).pdf,,,from agent portal 2026-09-28: Affordable Choice Enhanced with Specified Disease Brochure
ManhattanLife,Dental Vision Hearing Select,DVHS,brochure,client,MS,,DVHS-MSBRSP,0425,MS/Dental Vision Hearing Select,"DVHS-MSBRSP_0425 (MS Dental Vision Hearing Select - Spanish Dental, Vision & Hearing Brochure).pdf",,,"from agent portal 2026-09-28: Spanish Dental, Vision & Hearing Brochure"
ManhattanLife,Dental Vision Hearing Select,DVHS,brochure,client,MS,,DVHS-MSBR,0525,MS/Dental Vision Hearing Select,"DVHS-MSBR_0525 (MS Dental Vision Hearing Select - Dental, Vision and Hearing Select Brochure).pdf",,,"from agent portal 2026-09-28: Dental, Vision and Hearing Select Brochure"
ManhattanLife,Home Health Care Enhanced,HHC,brochure,client,MS,,HHCE-BRF,0726,MS/Home Health Care Enhanced,HHCE-BRF_0726 (MS Home Health Care Enhanced - Trifold Home Health Care Brochure).pdf,,,from agent portal 2026-09-28: Trifold Home Health Care Brochure
ManhattanLife,Home Health Care Enhanced,HHC,brochure,client,MS,,HHCE-BR,0326,MS/Home Health Care Enhanced,HHCE-BR_0326 (MS Home Health Care Enhanced - Home Health Care Enhanced Brochure).pdf,,,from agent portal 2026-09-28: Home Health Care Enhanced Brochure
ManhattanLife,Home Health Care Enhanced,HHC,brochure,client,MS,,HHCE-SPBR,0326,MS/Home Health Care Enhanced,HHCE-SPBR_0326 (MS Home Health Care Enhanced - Spanish Home Health Care Enhanced Brochure).pdf,,,from agent portal 2026-09-28: Spanish Home Health Care Enhanced Brochure
ManhattanLife,Cancer Heart Attack and Stroke,CHAS,brochure,client,MS,,CHAS-BRSP,0525,MS/Cancer Heart Attack and Stroke,"CHAS-BRSP_0525 (MS Cancer Heart Attack and Stroke - Spanish Cancer, Heart & Stroke Brochure).pdf",,,"from agent portal 2026-09-28: Spanish Cancer, Heart & Stroke Brochure"
ManhattanLife,Cancer Heart Attack and Stroke,CHAS,brochure,client,MS,,CHAS-BR,0525,MS/Cancer Heart Attack and Stroke,"CHAS-BR_0525 (MS Cancer Heart Attack and Stroke - Cancer, Heart & Stroke Brochure).pdf",,,"from agent portal 2026-09-28: Cancer, Heart & Stroke Brochure"
ManhattanLife,Short Term Care (OmniFlex),STC,brochure,client,MS,,STC-BRF,0825,MS/Short Term Care (OmniFlex),STC-BRF_0825 (MS Short Term Care (OmniFlex) - Folded Short Term Care Brochure).pdf,,,from agent portal 2026-09-28: Folded Short Term Care Brochure
ManhattanLife,Short Term Care (OmniFlex),STC,brochure,client,MS,,STC-BR,0525,MS/Short Term Care (OmniFlex),STC-BR_0525 (MS Short Term Care (OmniFlex) - Omni-Flex Short Term Care Brochure).pdf,,,from agent portal 2026-09-28: Omni-Flex Short Term Care Brochure
ManhattanLife,Hospital Indemnity Select,HIS,brochure,client,MS,,HIS-BRSP,0126,MS/Hospital Indemnity Select,HIS-BRSP_0126 (MS Hospital Indemnity Select - Spanish Hospital Indemnity Select Brochure).pdf,,,from agent portal 2026-09-28: Spanish Hospital Indemnity Select Brochure
ManhattanLife,Hospital Indemnity Select,HIS,brochure,client,MS,,HIS-BR,0126,MS/Hospital Indemnity Select,HIS-BR_0126 (MS Hospital Indemnity Select - Hospital Indemnity Select Brochure).pdf,,,from agent portal 2026-09-28: Hospital Indemnity Select Brochure
ManhattanLife,Cancer Care Plus,CCP,brochure,client,MT,,CCP-BRSP,0420,MT/Cancer Care Plus,CCP-BRSP_0420 (MT Cancer Care Plus - Spanish Cancer Care Plus Brochure).pdf,,,from agent portal 2026-09-28: Spanish Cancer Care Plus Brochure
ManhattanLife,Cancer Care Plus,CCP,brochure,client,MT,,CCP-BR,0420,MT/Cancer Care Plus,CCP-BR_0420 (MT Cancer Care Plus - Cancer Care Plus Brochure).pdf,,,from agent portal 2026-09-28: Cancer Care Plus Brochure
ManhattanLife,Cancer Care Plus,CCP,agent-guide,agent,MT,,CP4000-AGT,1211-MT,_agent-guides/Cancer Care Plus,CP4000-AGT_1211-MT (MT Cancer Care Plus - CP4000 Limited Cancer and Dread Disease Agent Guide - AGENT ONLY).pdf,,,from agent portal 2026-09-28: CP4000 Limited Cancer and Dread Disease Agent Guide
ManhattanLife,Critical Protection and Recovery,CPR,brochure,client,MT,,CPR-CAMT-BR,0520,MT/Critical Protection and Recovery,CPR-CAMT-BR_0520 (MT Critical Protection and Recovery - Critical Protection and Recovery Brochure).pdf,,,from agent portal 2026-09-28: Critical Protection and Recovery Brochure
ManhattanLife,24-Hour Accident,EAEP,brochure,client,MT,,EAEP-BR,0622,MT/24-Hour Accident,EAEP-BR_0622 (MT 24-Hour Accident - 24 Hour Accident Brochure).pdf,,,from agent portal 2026-09-28: 24 Hour Accident Brochure
ManhattanLife,24-Hour Accident,EAEP,brochure,client,MT,,EAEP-SPBR,0622,MT/24-Hour Accident,EAEP-SPBR_0622 (MT 24-Hour Accident - Spanish 24 Hour Accident Brochure).pdf,,,from agent portal 2026-09-28: Spanish 24 Hour Accident Brochure
ManhattanLife,Dental Vision Hearing (7016),DVH7016,brochure,client,MT,,DVH7016-ILKSMT-BRFSP,1125,MT/Dental Vision Hearing (7016),"DVH7016-ILKSMT-BRFSP_1125 (MT Dental Vision Hearing (7016) - Spanish Folded Dental, Vision & Hearing Brochure).pdf",,,"from agent portal 2026-09-28: Spanish Folded Dental, Vision & Hearing Brochure"
ManhattanLife,Dental Vision Hearing (7016),DVH7016,brochure,client,MT,,DVH7016-ILKSMT-BRF,1125,MT/Dental Vision Hearing (7016),"DVH7016-ILKSMT-BRF_1125 (MT Dental Vision Hearing (7016) - Folded Dental, Vision & Hearing Brochure).pdf",,,"from agent portal 2026-09-28: Folded Dental, Vision & Hearing Brochure"
ManhattanLife,Dental Vision Hearing (7016),DVH7016,brochure,client,MT,,DVH7016-ILKSMTBRSP,1125,MT/Dental Vision Hearing (7016),"DVH7016-ILKSMTBRSP_1125 (MT Dental Vision Hearing (7016) - Spanish Dental, Vision & Hearing Brochure).pdf",,,"from agent portal 2026-09-28: Spanish Dental, Vision & Hearing Brochure"
ManhattanLife,Dental Vision Hearing (7016),DVH7016,brochure,client,MT,,DVH7016-ILKSMTBR,1125,MT/Dental Vision Hearing (7016),"DVH7016-ILKSMTBR_1125 (MT Dental Vision Hearing (7016) - Dental, Vision & Hearing Brochure).pdf",,,"from agent portal 2026-09-28: Dental, Vision & Hearing Brochure"
ManhattanLife,Out-of-Pocket Protection (Gap),GAP,brochure,client,MT,,GAP15-BRSP,0320,MT/Out-of-Pocket Protection (Gap),GAP15-BRSP_0320 (MT Out-of-Pocket Protection (Gap) - Spanish Out-of-Pocket Brochure).pdf,,,from agent portal 2026-09-28: Spanish Out-of-Pocket Brochure
ManhattanLife,Out-of-Pocket Protection (Gap),GAP,brochure,client,MT,,GAP15-BR,0320,MT/Out-of-Pocket Protection (Gap),GAP15-BR_0320 (MT Out-of-Pocket Protection (Gap) - Out-of-Pocket Brochure).pdf,,,from agent portal 2026-09-28: Out-of-Pocket Brochure
ManhattanLife,Affordable Choice,AFC,brochure,client,MT,,AFC7010-MT-BR,0826,MT/Affordable Choice,AFC7010-MT-BR_0826 (MT Affordable Choice - Affordable Choice with Specified Disease).pdf,,,from agent portal 2026-09-28: Affordable Choice with Specified Disease
ManhattanLife,Short Term Care (OmniFlex),STC,brochure,client,MT,,STC-BRF,0825,MT/Short Term Care (OmniFlex),STC-BRF_0825 (MT Short Term Care (OmniFlex) - Folded Short Term Care Brochure).pdf,,,from agent portal 2026-09-28: Folded Short Term Care Brochure
ManhattanLife,Short Term Care (OmniFlex),STC,brochure,client,MT,,STC-BR,0525,MT/Short Term Care (OmniFlex),STC-BR_0525 (MT Short Term Care (OmniFlex) - Omni-Flex Short Term Care Brochure).pdf,,,from agent portal 2026-09-28: Omni-Flex Short Term Care Brochure
ManhattanLife,Cancer Care Plus,CCP,brochure,client,NC,,CCP-BRSP,0420,NC/Cancer Care Plus,CCP-BRSP_0420 (NC Cancer Care Plus - Spanish Cancer Care Plus Brochure).pdf,,,from agent portal 2026-09-28: Spanish Cancer Care Plus Brochure
ManhattanLife,Cancer Care Plus,CCP,brochure,client,NC,,CCP-BR,0420,NC/Cancer Care Plus,CCP-BR_0420 (NC Cancer Care Plus - Cancer Care Plus Brochure).pdf,,,from agent portal 2026-09-28: Cancer Care Plus Brochure
ManhattanLife,Critical Protection and Recovery,CPR,brochure,client,NC,,CPR-BR,0520,NC/Critical Protection and Recovery,CPR-BR_0520 (NC Critical Protection and Recovery - Critical Protection & Recovery Brochure).pdf,,,from agent portal 2026-09-28: Critical Protection & Recovery Brochure
ManhattanLife,Critical Protection and Recovery,CPR,brochure,client,NC,,CPRC-BR,0520,NC/Critical Protection and Recovery,CPRC-BR_0520 (NC Critical Protection and Recovery - Critical Protection & Recovery with Cancer).pdf,,,from agent portal 2026-09-28: Critical Protection & Recovery with Cancer
ManhattanLife,24-Hour Accident,EAEP,brochure,client,NC,,EAEP-BR,0622,NC/24-Hour Accident,EAEP-BR_0622 (NC 24-Hour Accident - 24 Hour Accident Brochure).pdf,,,from agent portal 2026-09-28: 24 Hour Accident Brochure
ManhattanLife,24-Hour Accident,EAEP,brochure,client,NC,,EAEP-SPBR,0622,NC/24-Hour Accident,EAEP-SPBR_0622 (NC 24-Hour Accident - Spanish 24 Hour Accident Brochure).pdf,,,from agent portal 2026-09-28: Spanish 24 Hour Accident Brochure
ManhattanLife,Accident Insurance (PAID Enhanced),PAID,brochure,client,NC,,PAIDEH-BRSP,0524,NC/Accident Insurance (PAID Enhanced),PAIDEH-BRSP_0524 (NC Accident Insurance (PAID Enhanced) - Spanish PAID Enhanced Brochure).pdf,,,from agent portal 2026-09-28: Spanish PAID Enhanced Brochure
ManhattanLife,Accident Insurance (PAID Enhanced),PAID,brochure,client,NC,,PAIDEH-BR,0524,NC/Accident Insurance (PAID Enhanced),PAIDEH-BR_0524 (NC Accident Insurance (PAID Enhanced) - PAID Enhanced Brochure).pdf,,,from agent portal 2026-09-28: PAID Enhanced Brochure
ManhattanLife,Dental Vision Hearing (7016),DVH7016,brochure,client,NC,,DVH7016-ILNC-BR-0923,,NC/Dental Vision Hearing (7016),"DVH7016-ILNC-BR-0923 (NC Dental Vision Hearing (7016) - Dental, Vision & Hearing 7016 Brochure).pdf",,,"from agent portal 2026-09-28: Dental, Vision & Hearing 7016 Brochure"
ManhattanLife,Dental Vision Hearing (7016),DVH7016,brochure,client,NC,,DVH7016-ILNC-BRF-0923,,NC/Dental Vision Hearing (7016),"DVH7016-ILNC-BRF-0923 (NC Dental Vision Hearing (7016) - Folded Dental, Vision & Hearing 7016 Brochure).pdf",,,"from agent portal 2026-09-28: Folded Dental, Vision & Hearing 7016 Brochure"
ManhattanLife,Dental Vision Hearing (7016),DVH7016,brochure,client,NC,,DVH7016-ILNC-BRFSP-0923,,NC/Dental Vision Hearing (7016),DVH7016-ILNC-BRFSP-0923 (NC Dental Vision Hearing (7016) - Spanish Folded DVH7016 Brochure).pdf,,,from agent portal 2026-09-28: Spanish Folded DVH7016 Brochure
ManhattanLife,Dental Vision Hearing (7016),DVH7016,brochure,client,NC,,DVH7016-ILNC-BRSP-0923,,NC/Dental Vision Hearing (7016),DVH7016-ILNC-BRSP-0923 (NC Dental Vision Hearing (7016) - Spanish DVH7016 Brochure).pdf,,,from agent portal 2026-09-28: Spanish DVH7016 Brochure
ManhattanLife,Out-of-Pocket Protection (Gap),GAP,brochure,client,NC,,GAP15-BRSP,0320,NC/Out-of-Pocket Protection (Gap),GAP15-BRSP_0320 (NC Out-of-Pocket Protection (Gap) - Spanish Out-of-Pocket Brochure).pdf,,,from agent portal 2026-09-28: Spanish Out-of-Pocket Brochure
ManhattanLife,Out-of-Pocket Protection (Gap),GAP,brochure,client,NC,,GAP15-BR,0320,NC/Out-of-Pocket Protection (Gap),GAP15-BR_0320 (NC Out-of-Pocket Protection (Gap) - Out-of-Pocket Brochure).pdf,,,from agent portal 2026-09-28: Out-of-Pocket Brochure
ManhattanLife,Affordable Choice,AFC,brochure,client,NC,,AFC7010-BRSP,1025,NC/Affordable Choice,AFC7010-BRSP_1025 (NC Affordable Choice - Spanish AFC with Specified Disease Brochure).pdf,,,from agent portal 2026-09-28: Spanish AFC with Specified Disease Brochure
ManhattanLife,Affordable Choice,AFC,brochure,client,NC,,AFC7010-BR,1025,NC/Affordable Choice,AFC7010-BR_1025 (NC Affordable Choice - Affordable Choice Enhanced with Specified Disease Brochure).pdf,,,from agent portal 2026-09-28: Affordable Choice Enhanced with Specified Disease Brochure
ManhattanLife,Dental Vision Hearing Select,DVHS,brochure,client,NC,,DVHS-NCBRSP,1125,NC/Dental Vision Hearing Select,"DVHS-NCBRSP_1125 (NC Dental Vision Hearing Select - Spanish Dental, Vision & Hearing Select Brochure).pdf",,,"from agent portal 2026-09-28: Spanish Dental, Vision & Hearing Select Brochure"
ManhattanLife,Dental Vision Hearing Select,DVHS,brochure,client,NC,,DVHS-NCBR,1125,NC/Dental Vision Hearing Select,"DVHS-NCBR_1125 (NC Dental Vision Hearing Select - Dental, Vision & Hearing Select Brochure).pdf",,,"from agent portal 2026-09-28: Dental, Vision & Hearing Select Brochure"
ManhattanLife,Home Health Care Enhanced,HHC,brochure,client,NC,,HHCE-BRF,0726,NC/Home Health Care Enhanced,HHCE-BRF_0726 (NC Home Health Care Enhanced - Trifold Home Health Care Brochure).pdf,,,from agent portal 2026-09-28: Trifold Home Health Care Brochure
ManhattanLife,Home Health Care Enhanced,HHC,brochure,client,NC,,HHCE-BR,0326,NC/Home Health Care Enhanced,HHCE-BR_0326 (NC Home Health Care Enhanced - Home Health Care Enhanced Brochure).pdf,,,from agent portal 2026-09-28: Home Health Care Enhanced Brochure
ManhattanLife,Home Health Care Enhanced,HHC,brochure,client,NC,,HHCE-SPBR,0326,NC/Home Health Care Enhanced,HHCE-SPBR_0326 (NC Home Health Care Enhanced - Spanish Home Health Care Enhanced Brochure).pdf,,,from agent portal 2026-09-28: Spanish Home Health Care Enhanced Brochure
ManhattanLife,Cancer Heart Attack and Stroke,CHAS,brochure,client,NC,,CHAS-BRSP,0525,NC/Cancer Heart Attack and Stroke,"CHAS-BRSP_0525 (NC Cancer Heart Attack and Stroke - Spanish Cancer, Heart & Stroke Brochure).pdf",,,"from agent portal 2026-09-28: Spanish Cancer, Heart & Stroke Brochure"
ManhattanLife,Cancer Heart Attack and Stroke,CHAS,brochure,client,NC,,CHAS-BR,0525,NC/Cancer Heart Attack and Stroke,"CHAS-BR_0525 (NC Cancer Heart Attack and Stroke - Cancer, Heart & Stroke Brochure).pdf",,,"from agent portal 2026-09-28: Cancer, Heart & Stroke Brochure"
ManhattanLife,Short Term Care (OmniFlex),STC,brochure,client,NC,,STC-BRF,0825,NC/Short Term Care (OmniFlex),STC-BRF_0825 (NC Short Term Care (OmniFlex) - Folded Short Term Care Brochure).pdf,,,from agent portal 2026-09-28: Folded Short Term Care Brochure
ManhattanLife,Short Term Care (OmniFlex),STC,brochure,client,NC,,STC-BR,0525,NC/Short Term Care (OmniFlex),STC-BR_0525 (NC Short Term Care (OmniFlex) - Omni-Flex Short Term Care Brochure).pdf,,,from agent portal 2026-09-28: Omni-Flex Short Term Care Brochure
ManhattanLife,Hospital Indemnity Select,HIS,brochure,client,NC,,HIS-BRSP,0126,NC/Hospital Indemnity Select,HIS-BRSP_0126 (NC Hospital Indemnity Select - Spanish Hospital Indemnity Select Brochure).pdf,,,from agent portal 2026-09-28: Spanish Hospital Indemnity Select Brochure
ManhattanLife,Hospital Indemnity Select,HIS,brochure,client,NC,,HIS-BR,0126,NC/Hospital Indemnity Select,HIS-BR_0126 (NC Hospital Indemnity Select - Hospital Indemnity Select Brochure).pdf,,,from agent portal 2026-09-28: Hospital Indemnity Select Brochure
ManhattanLife,Cancer Care Plus,CCP,brochure,client,ND,,CCP-KSNDTN-BR,0420,ND/Cancer Care Plus,CCP-KSNDTN-BR_0420 (ND Cancer Care Plus - Cancer Care Plus Brochure).pdf,,,from agent portal 2026-09-28: Cancer Care Plus Brochure
ManhattanLife,Critical Protection and Recovery,CPR,brochure,client,ND,,CPR-BR,0520,ND/Critical Protection and Recovery,CPR-BR_0520 (ND Critical Protection and Recovery - Critical Protection & Recovery Brochure).pdf,,,from agent portal 2026-09-28: Critical Protection & Recovery Brochure
ManhattanLife,Critical Protection and Recovery,CPR,brochure,client,ND,,CPRC-BR,0520,ND/Critical Protection and Recovery,CPRC-BR_0520 (ND Critical Protection and Recovery - Critical Protection & Recovery with Cancer).pdf,,,from agent portal 2026-09-28: Critical Protection & Recovery with Cancer
ManhattanLife,24-Hour Accident,EAEP,brochure,client,ND,,EAEP-BR,0622,ND/24-Hour Accident,EAEP-BR_0622 (ND 24-Hour Accident - 24 Hour Accident Brochure).pdf,,,from agent portal 2026-09-28: 24 Hour Accident Brochure
ManhattanLife,24-Hour Accident,EAEP,brochure,client,ND,,EAEP-SPBR,0622,ND/24-Hour Accident,EAEP-SPBR_0622 (ND 24-Hour Accident - Spanish 24 Hour Accident Brochure).pdf,,,from agent portal 2026-09-28: Spanish 24 Hour Accident Brochure
ManhattanLife,Accident Insurance (PAID Enhanced),PAID,brochure,client,ND,,PAIDEH-BRSP,0524,ND/Accident Insurance (PAID Enhanced),PAIDEH-BRSP_0524 (ND Accident Insurance (PAID Enhanced) - Spanish PAID Enhanced Brochure).pdf,,,from agent portal 2026-09-28: Spanish PAID Enhanced Brochure
ManhattanLife,Accident Insurance (PAID Enhanced),PAID,brochure,client,ND,,PAIDEH-BR,0524,ND/Accident Insurance (PAID Enhanced),PAIDEH-BR_0524 (ND Accident Insurance (PAID Enhanced) - PAID Enhanced Brochure).pdf,,,from agent portal 2026-09-28: PAID Enhanced Brochure
ManhattanLife,Dental Vision Hearing (7016),DVH7016,brochure,client,ND,,DVH7016-ND-BRFSP-0525,,ND/Dental Vision Hearing (7016),DVH7016-ND-BRFSP-0525 (ND Dental Vision Hearing (7016) - Spanish Folded DVH7016 Brochure).pdf,,,from agent portal 2026-09-28: Spanish Folded DVH7016 Brochure
ManhattanLife,Dental Vision Hearing (7016),DVH7016,brochure,client,ND,,DVH7016-NDBR-0525,,ND/Dental Vision Hearing (7016),"DVH7016-NDBR-0525 (ND Dental Vision Hearing (7016) - Dental,Vision & Hearing Brochure).pdf",,,"from agent portal 2026-09-28: Dental,Vision & Hearing Brochure"
ManhattanLife,Dental Vision Hearing (7016),DVH7016,brochure,client,ND,,DVH7016-NDBRF-0525,,ND/Dental Vision Hearing (7016),DVH7016-NDBRF-0525 (ND Dental Vision Hearing (7016) - Folded DVH 7016 Brochure).pdf,,,from agent portal 2026-09-28: Folded DVH 7016 Brochure
ManhattanLife,Dental Vision Hearing (7016),DVH7016,brochure,client,ND,,DVH7016-NDBRSP-0525,,ND/Dental Vision Hearing (7016),"DVH7016-NDBRSP-0525 (ND Dental Vision Hearing (7016) - Spanish Dental, Vision & Hearing 7016 Brochure).pdf",,,"from agent portal 2026-09-28: Spanish Dental, Vision & Hearing 7016 Brochure"
ManhattanLife,Out-of-Pocket Protection (Gap),GAP,rates,agent,ND,,GAP-ND_RATES,0523,_rates/Out-of-Pocket Protection (Gap),GAP-ND_RATES_0523 (ND Out-of-Pocket Protection (Gap) - Out-of-Pocket Monthly Rates).pdf,,,from agent portal 2026-09-28: Out-of-Pocket Monthly Rates
ManhattanLife,Out-of-Pocket Protection (Gap),GAP,brochure,client,ND,,GAP15-BRSP,0320,ND/Out-of-Pocket Protection (Gap),GAP15-BRSP_0320 (ND Out-of-Pocket Protection (Gap) - Spanish Out-of-Pocket Brochure).pdf,,,from agent portal 2026-09-28: Spanish Out-of-Pocket Brochure
ManhattanLife,Out-of-Pocket Protection (Gap),GAP,brochure,client,ND,,GAP15-BR,0320,ND/Out-of-Pocket Protection (Gap),GAP15-BR_0320 (ND Out-of-Pocket Protection (Gap) - Out-of-Pocket Brochure).pdf,,,from agent portal 2026-09-28: Out-of-Pocket Brochure
ManhattanLife,Affordable Choice,AFC,brochure,client,ND,,AFC7010-ND-BRSP,0424,ND/Affordable Choice,AFC7010-ND-BRSP_0424 (ND Affordable Choice - Spanish Affordable Choice 7010 Brochure).pdf,,,from agent portal 2026-09-28: Spanish Affordable Choice 7010 Brochure
ManhattanLife,Affordable Choice,AFC,brochure,client,ND,,AFC7010-ND-BR,0424,ND/Affordable Choice,AFC7010-ND-BR_0424 (ND Affordable Choice - Affordable Choice 7010 Brochure).pdf,,,from agent portal 2026-09-28: Affordable Choice 7010 Brochure
ManhattanLife,Dental Vision Hearing Select,DVHS,brochure,client,ND,,DVHS-NDBRSP,0825,ND/Dental Vision Hearing Select,"DVHS-NDBRSP_0825 (ND Dental Vision Hearing Select - Spanish Dental, Vision & Hearing Brochure).pdf",,,"from agent portal 2026-09-28: Spanish Dental, Vision & Hearing Brochure"
ManhattanLife,Dental Vision Hearing Select,DVHS,brochure,client,ND,,DVHS-NDBR,0825,ND/Dental Vision Hearing Select,"DVHS-NDBR_0825 (ND Dental Vision Hearing Select - Dental, Vision & Hearing Brochure).pdf",,,"from agent portal 2026-09-28: Dental, Vision & Hearing Brochure"
ManhattanLife,Home Health Care Enhanced,HHC,brochure,client,ND,,HHCE-BRF,0726,ND/Home Health Care Enhanced,HHCE-BRF_0726 (ND Home Health Care Enhanced - Trifold Home Health Care Brochure).pdf,,,from agent portal 2026-09-28: Trifold Home Health Care Brochure
ManhattanLife,Home Health Care Enhanced,HHC,brochure,client,ND,,HHCE-BR,0326,ND/Home Health Care Enhanced,HHCE-BR_0326 (ND Home Health Care Enhanced - Home Health Care Enhanced Brochure).pdf,,,from agent portal 2026-09-28: Home Health Care Enhanced Brochure
ManhattanLife,Home Health Care Enhanced,HHC,brochure,client,ND,,HHCE-SPBR,0326,ND/Home Health Care Enhanced,HHCE-SPBR_0326 (ND Home Health Care Enhanced - Spanish Home Health Care Enhanced Brochure).pdf,,,from agent portal 2026-09-28: Spanish Home Health Care Enhanced Brochure
ManhattanLife,Cancer Heart Attack and Stroke,CHAS,brochure,client,ND,,CHAS-BRSP,0525,ND/Cancer Heart Attack and Stroke,"CHAS-BRSP_0525 (ND Cancer Heart Attack and Stroke - Spanish Cancer, Heart & Stroke Brochure).pdf",,,"from agent portal 2026-09-28: Spanish Cancer, Heart & Stroke Brochure"
ManhattanLife,Cancer Heart Attack and Stroke,CHAS,brochure,client,ND,,CHAS-BR,0525,ND/Cancer Heart Attack and Stroke,"CHAS-BR_0525 (ND Cancer Heart Attack and Stroke - Cancer, Heart & Stroke Brochure).pdf",,,"from agent portal 2026-09-28: Cancer, Heart & Stroke Brochure"
ManhattanLife,Short Term Care (OmniFlex),STC,brochure,client,ND,,STC-BRF,0825,ND/Short Term Care (OmniFlex),STC-BRF_0825 (ND Short Term Care (OmniFlex) - Folded Short Term Care Brochure).pdf,,,from agent portal 2026-09-28: Folded Short Term Care Brochure
ManhattanLife,Short Term Care (OmniFlex),STC,brochure,client,ND,,STC-BR,0525,ND/Short Term Care (OmniFlex),STC-BR_0525 (ND Short Term Care (OmniFlex) - Omni-Flex Short Term Care Brochure).pdf,,,from agent portal 2026-09-28: Omni-Flex Short Term Care Brochure
ManhattanLife,Hospital Indemnity Select,HIS,brochure,client,ND,,HIS-BRSP,0126,ND/Hospital Indemnity Select,HIS-BRSP_0126 (ND Hospital Indemnity Select - Spanish Hospital Indemnity Select Brochure).pdf,,,from agent portal 2026-09-28: Spanish Hospital Indemnity Select Brochure
ManhattanLife,Hospital Indemnity Select,HIS,brochure,client,ND,,HIS-BR,0126,ND/Hospital Indemnity Select,HIS-BR_0126 (ND Hospital Indemnity Select - Hospital Indemnity Select Brochure).pdf,,,from agent portal 2026-09-28: Hospital Indemnity Select Brochure
ManhattanLife,Cancer Care Plus,CCP,brochure,client,NE,,CCP-BRSP,0420,NE/Cancer Care Plus,CCP-BRSP_0420 (NE Cancer Care Plus - Spanish Cancer Care Plus Brochure).pdf,,,from agent portal 2026-09-28: Spanish Cancer Care Plus Brochure
ManhattanLife,Cancer Care Plus,CCP,brochure,client,NE,,CCP-BR,0420,NE/Cancer Care Plus,CCP-BR_0420 (NE Cancer Care Plus - Cancer Care Plus Brochure).pdf,,,from agent portal 2026-09-28: Cancer Care Plus Brochure
ManhattanLife,Critical Protection and Recovery,CPR,brochure,client,NE,,CPR-BR,0520,NE/Critical Protection and Recovery,CPR-BR_0520 (NE Critical Protection and Recovery - Critical Protection & Recovery Brochure).pdf,,,from agent portal 2026-09-28: Critical Protection & Recovery Brochure
ManhattanLife,Critical Protection and Recovery,CPR,brochure,client,NE,,CPRC-BR,0520,NE/Critical Protection and Recovery,CPRC-BR_0520 (NE Critical Protection and Recovery - Critical Protection & Recovery with Cancer).pdf,,,from agent portal 2026-09-28: Critical Protection & Recovery with Cancer
ManhattanLife,24-Hour Accident,EAEP,brochure,client,NE,,EAEP-BR,0622,NE/24-Hour Accident,EAEP-BR_0622 (NE 24-Hour Accident - 24 Hour Accident Brochure).pdf,,,from agent portal 2026-09-28: 24 Hour Accident Brochure
ManhattanLife,24-Hour Accident,EAEP,brochure,client,NE,,EAEP-SPBR,0622,NE/24-Hour Accident,EAEP-SPBR_0622 (NE 24-Hour Accident - Spanish 24 Hour Accident Brochure).pdf,,,from agent portal 2026-09-28: Spanish 24 Hour Accident Brochure
ManhattanLife,Accident Insurance (PAID Enhanced),PAID,brochure,client,NE,,PAIDEH-BRSP,0524,NE/Accident Insurance (PAID Enhanced),PAIDEH-BRSP_0524 (NE Accident Insurance (PAID Enhanced) - Spanish PAID Enhanced Brochure).pdf,,,from agent portal 2026-09-28: Spanish PAID Enhanced Brochure
ManhattanLife,Accident Insurance (PAID Enhanced),PAID,brochure,client,NE,,PAIDEH-BR,0524,NE/Accident Insurance (PAID Enhanced),PAIDEH-BR_0524 (NE Accident Insurance (PAID Enhanced) - PAID Enhanced Brochure).pdf,,,from agent portal 2026-09-28: PAID Enhanced Brochure
ManhattanLife,Dental Vision Hearing (7016),DVH7016,brochure,client,NE,,DVH7016-BRFSP,0425,NE/Dental Vision Hearing (7016),DVH7016-BRFSP_0425 (NE Dental Vision Hearing (7016) - Spanish Folded DVH7016 Brochure).pdf,,,from agent portal 2026-09-28: Spanish Folded DVH7016 Brochure
ManhattanLife,Dental Vision Hearing (7016),DVH7016,brochure,client,NE,,DVH7016-BRF,0425,NE/Dental Vision Hearing (7016),DVH7016-BRF_0425 (NE Dental Vision Hearing (7016) - Folded DVH7016 Brochure).pdf,,,from agent portal 2026-09-28: Folded DVH7016 Brochure
ManhattanLife,Dental Vision Hearing (7016),DVH7016,brochure,client,NE,,DVH7016-BRSP,0425,NE/Dental Vision Hearing (7016),DVH7016-BRSP_0425 (NE Dental Vision Hearing (7016) - Spanish DVH7016 Brochure).pdf,,,from agent portal 2026-09-28: Spanish DVH7016 Brochure
ManhattanLife,Dental Vision Hearing (7016),DVH7016,brochure,client,NE,,DVH7016-BR,0425,NE/Dental Vision Hearing (7016),"DVH7016-BR_0425 (NE Dental Vision Hearing (7016) - Dental, Vision and Hearing 7016 Brochure).pdf",,,"from agent portal 2026-09-28: Dental, Vision and Hearing 7016 Brochure"
ManhattanLife,Out-of-Pocket Protection (Gap),GAP,brochure,client,NE,,GAP15-BRSP,0320,NE/Out-of-Pocket Protection (Gap),GAP15-BRSP_0320 (NE Out-of-Pocket Protection (Gap) - Spanish Out-of-Pocket Brochure).pdf,,,from agent portal 2026-09-28: Spanish Out-of-Pocket Brochure
ManhattanLife,Out-of-Pocket Protection (Gap),GAP,brochure,client,NE,,GAP15-BR,0320,NE/Out-of-Pocket Protection (Gap),GAP15-BR_0320 (NE Out-of-Pocket Protection (Gap) - Out-of-Pocket Brochure).pdf,,,from agent portal 2026-09-28: Out-of-Pocket Brochure
ManhattanLife,Affordable Choice,AFC,brochure,client,NE,,AFC7010-BRSP,1025,NE/Affordable Choice,AFC7010-BRSP_1025 (NE Affordable Choice - Spanish AFC with Specified Disease Brochure).pdf,,,from agent portal 2026-09-28: Spanish AFC with Specified Disease Brochure
ManhattanLife,Affordable Choice,AFC,brochure,client,NE,,AFC7010-BR,1025,NE/Affordable Choice,AFC7010-BR_1025 (NE Affordable Choice - Affordable Choice Enhanced with Specified Disease Brochure).pdf,,,from agent portal 2026-09-28: Affordable Choice Enhanced with Specified Disease Brochure
ManhattanLife,Dental Vision Hearing Select,DVHS,brochure,client,NE,,DVHS-BRSP,0425,NE/Dental Vision Hearing Select,DVHS-BRSP_0425 (NE Dental Vision Hearing Select - Spanish DVH Select Brochure).pdf,,,from agent portal 2026-09-28: Spanish DVH Select Brochure
ManhattanLife,Dental Vision Hearing Select,DVHS,brochure,client,NE,,DVHS-BR,0926,NE/Dental Vision Hearing Select,"DVHS-BR_0926 (NE Dental Vision Hearing Select - Dental, Vision and Hearing Select).pdf",,,"from agent portal 2026-09-28: Dental, Vision and Hearing Select"
ManhattanLife,Home Health Care Enhanced,HHC,brochure,client,NE,,HHCE-BRF,0726,NE/Home Health Care Enhanced,HHCE-BRF_0726 (NE Home Health Care Enhanced - Trifold Home Health Care Brochure).pdf,,,from agent portal 2026-09-28: Trifold Home Health Care Brochure
ManhattanLife,Home Health Care Enhanced,HHC,brochure,client,NE,,HHCE-BR,0326,NE/Home Health Care Enhanced,HHCE-BR_0326 (NE Home Health Care Enhanced - Home Health Care Enhanced Brochure).pdf,,,from agent portal 2026-09-28: Home Health Care Enhanced Brochure
ManhattanLife,Home Health Care Enhanced,HHC,brochure,client,NE,,HHCE-SPBR,0326,NE/Home Health Care Enhanced,HHCE-SPBR_0326 (NE Home Health Care Enhanced - Spanish Home Health Care Enhanced Brochure).pdf,,,from agent portal 2026-09-28: Spanish Home Health Care Enhanced Brochure
ManhattanLife,Cancer Heart Attack and Stroke,CHAS,brochure,client,NE,,CHAS-NEBRSP,0525,NE/Cancer Heart Attack and Stroke,"CHAS-NEBRSP_0525 (NE Cancer Heart Attack and Stroke - Spanish Cancer, Heart & Stroke Brochure).pdf",,,"from agent portal 2026-09-28: Spanish Cancer, Heart & Stroke Brochure"
ManhattanLife,Cancer Heart Attack and Stroke,CHAS,brochure,client,NE,,CHAS-NEBR,0525,NE/Cancer Heart Attack and Stroke,"CHAS-NEBR_0525 (NE Cancer Heart Attack and Stroke - Cancer, Heart & Stroke Brochure).pdf",,,"from agent portal 2026-09-28: Cancer, Heart & Stroke Brochure"
ManhattanLife,Short Term Care (OmniFlex),STC,brochure,client,NE,,STC-BRF,0825,NE/Short Term Care (OmniFlex),STC-BRF_0825 (NE Short Term Care (OmniFlex) - Folded Short Term Care Brochure).pdf,,,from agent portal 2026-09-28: Folded Short Term Care Brochure
ManhattanLife,Short Term Care (OmniFlex),STC,brochure,client,NE,,STC-BR,0525,NE/Short Term Care (OmniFlex),STC-BR_0525 (NE Short Term Care (OmniFlex) - Omni-Flex Short Term Care Brochure).pdf,,,from agent portal 2026-09-28: Omni-Flex Short Term Care Brochure
ManhattanLife,Hospital Indemnity Select,HIS,brochure,client,NE,,HIS-BRSP,0126,NE/Hospital Indemnity Select,HIS-BRSP_0126 (NE Hospital Indemnity Select - Spanish Hospital Indemnity Select Brochure).pdf,,,from agent portal 2026-09-28: Spanish Hospital Indemnity Select Brochure
ManhattanLife,Hospital Indemnity Select,HIS,brochure,client,NE,,HIS-BR,0126,NE/Hospital Indemnity Select,HIS-BR_0126 (NE Hospital Indemnity Select - Hospital Indemnity Select Brochure).pdf,,,from agent portal 2026-09-28: Hospital Indemnity Select Brochure
ManhattanLife,Cancer Care Plus,CCP,brochure,client,NH,,CCP-BRSP,0420,NH/Cancer Care Plus,CCP-BRSP_0420 (NH Cancer Care Plus - Spanish Cancer Care Plus Brochure).pdf,,,from agent portal 2026-09-28: Spanish Cancer Care Plus Brochure
ManhattanLife,Cancer Care Plus,CCP,brochure,client,NH,,CCP-BR,0420,NH/Cancer Care Plus,CCP-BR_0420 (NH Cancer Care Plus - Cancer Care Plus Brochure).pdf,,,from agent portal 2026-09-28: Cancer Care Plus Brochure
ManhattanLife,Cancer Care Plus,CCP,agent-guide,agent,NH,,CP4000-AGT,1211-NH,_agent-guides/Cancer Care Plus,CP4000-AGT_1211-NH (NH Cancer Care Plus - CP4000 Limited Cancer and Dread Disease Agent Guide - AGENT ONLY).pdf,,,from agent portal 2026-09-28: CP4000 Limited Cancer and Dread Disease Agent Guide
ManhattanLife,Critical Protection and Recovery,CPR,brochure,client,NH,,CPR-BR,0520,NH/Critical Protection and Recovery,CPR-BR_0520 (NH Critical Protection and Recovery - Critical Protection & Recovery Brochure).pdf,,,from agent portal 2026-09-28: Critical Protection & Recovery Brochure
ManhattanLife,Critical Protection and Recovery,CPR,brochure,client,NH,,CPRC-BR,0520,NH/Critical Protection and Recovery,CPRC-BR_0520 (NH Critical Protection and Recovery - Critical Protection & Recovery with Cancer).pdf,,,from agent portal 2026-09-28: Critical Protection & Recovery with Cancer
ManhattanLife,Home Health Care Enhanced,HHC,brochure,client,NH,,HHCE-BRF,0726,NH/Home Health Care Enhanced,HHCE-BRF_0726 (NH Home Health Care Enhanced - Trifold Home Health Care Brochure).pdf,,,from agent portal 2026-09-28: Trifold Home Health Care Brochure
ManhattanLife,Home Health Care Enhanced,HHC,brochure,client,NH,,HHCE-BR,0326,NH/Home Health Care Enhanced,HHCE-BR_0326 (NH Home Health Care Enhanced - Home Health Care Enhanced Brochure).pdf,,,from agent portal 2026-09-28: Home Health Care Enhanced Brochure
ManhattanLife,Home Health Care Enhanced,HHC,brochure,client,NH,,HHCE-SPBR,0326,NH/Home Health Care Enhanced,HHCE-SPBR_0326 (NH Home Health Care Enhanced - Spanish Home Health Care Enhanced Brochure).pdf,,,from agent portal 2026-09-28: Spanish Home Health Care Enhanced Brochure
ManhattanLife,Cancer Heart Attack and Stroke,CHAS,brochure,client,NH,,CHAS-NHBR,0525,NH/Cancer Heart Attack and Stroke,"CHAS-NHBR_0525 (NH Cancer Heart Attack and Stroke - Cancer, Heart & Stroke Brochure).pdf",,,"from agent portal 2026-09-28: Cancer, Heart & Stroke Brochure"
ManhattanLife,Short Term Care (OmniFlex),STC,brochure,client,NH,,STC-BRF,0825,NH/Short Term Care (OmniFlex),STC-BRF_0825 (NH Short Term Care (OmniFlex) - Folded Short Term Care Brochure).pdf,,,from agent portal 2026-09-28: Folded Short Term Care Brochure
ManhattanLife,Short Term Care (OmniFlex),STC,brochure,client,NH,,STC-BR,0525,NH/Short Term Care (OmniFlex),STC-BR_0525 (NH Short Term Care (OmniFlex) - Omni-Flex Short Term Care Brochure).pdf,,,from agent portal 2026-09-28: Omni-Flex Short Term Care Brochure
ManhattanLife,Dental Vision Hearing (7016),DVH7016,brochure,client,NJ,,DVH7016-NJ-BR,0725,NJ/Dental Vision Hearing (7016),"DVH7016-NJ-BR_0725 (NJ Dental Vision Hearing (7016) - Dental, Vision & Hearing brochure).pdf",,,"from agent portal 2026-09-28: Dental, Vision & Hearing brochure"
ManhattanLife,Dental Vision Hearing Select,DVHS,brochure,client,NJ,,DVHS-NJBR,0525,NJ/Dental Vision Hearing Select,"DVHS-NJBR_0525 (NJ Dental Vision Hearing Select - Dental, Vision and Hearing Select Brochure).pdf",,,"from agent portal 2026-09-28: Dental, Vision and Hearing Select Brochure"
ManhattanLife,Cancer Care Plus,CCP,brochure,client,NM,,CCP-BRSP,0420,NM/Cancer Care Plus,CCP-BRSP_0420 (NM Cancer Care Plus - Spanish Cancer Care Plus Brochure).pdf,,,from agent portal 2026-09-28: Spanish Cancer Care Plus Brochure
ManhattanLife,Cancer Care Plus,CCP,brochure,client,NM,,CCP-BR,0420,NM/Cancer Care Plus,CCP-BR_0420 (NM Cancer Care Plus - Cancer Care Plus Brochure).pdf,,,from agent portal 2026-09-28: Cancer Care Plus Brochure
ManhattanLife,Critical Protection and Recovery,CPR,brochure,client,NM,,CPR-BR,0520,NM/Critical Protection and Recovery,CPR-BR_0520 (NM Critical Protection and Recovery - Critical Protection & Recovery Brochure).pdf,,,from agent portal 2026-09-28: Critical Protection & Recovery Brochure
ManhattanLife,Critical Protection and Recovery,CPR,brochure,client,NM,,CPRC-BR,0520,NM/Critical Protection and Recovery,CPRC-BR_0520 (NM Critical Protection and Recovery - Critical Protection & Recovery with Cancer).pdf,,,from agent portal 2026-09-28: Critical Protection & Recovery with Cancer
ManhattanLife,24-Hour Accident,EAEP,brochure,client,NM,,EAEP-BR,0622,NM/24-Hour Accident,EAEP-BR_0622 (NM 24-Hour Accident - 24 Hour Accident Brochure).pdf,,,from agent portal 2026-09-28: 24 Hour Accident Brochure
ManhattanLife,24-Hour Accident,EAEP,brochure,client,NM,,EAEP-SPBR,0622,NM/24-Hour Accident,EAEP-SPBR_0622 (NM 24-Hour Accident - Spanish 24 Hour Accident Brochure).pdf,,,from agent portal 2026-09-28: Spanish 24 Hour Accident Brochure
ManhattanLife,Accident Insurance (PAID Enhanced),PAID,brochure,client,NM,,PAID13AZCAIDNMVA-BR,0420,NM/Accident Insurance (PAID Enhanced),PAID13AZCAIDNMVA-BR_0420 (NM Accident Insurance (PAID Enhanced) - PAID Brochure).pdf,,,from agent portal 2026-09-28: PAID Brochure
ManhattanLife,Dental Vision Hearing (7016),DVH7016,brochure,client,NM,,DVH-NM-BR-SP,0220,NM/Dental Vision Hearing (7016),"DVH-NM-BR-SP_0220 (NM Dental Vision Hearing (7016) - Spanish Dental, Vision & Hearing Brochure).pdf",,,"from agent portal 2026-09-28: Spanish Dental, Vision & Hearing Brochure"
ManhattanLife,Dental Vision Hearing (7016),DVH7016,brochure,client,NM,,DVH-NM-BRFSP,0220,NM/Dental Vision Hearing (7016),"DVH-NM-BRFSP_0220 (NM Dental Vision Hearing (7016) - Spanish Folded Dental, Vision & Hearing Brochure).pdf",,,"from agent portal 2026-09-28: Spanish Folded Dental, Vision & Hearing Brochure"
ManhattanLife,Dental Vision Hearing (7016),DVH7016,brochure,client,NM,,DVH-NM-BRF,0220,NM/Dental Vision Hearing (7016),"DVH-NM-BRF_0220 (NM Dental Vision Hearing (7016) - Folded Dental, Vision and Hearing Brochure).pdf",,,"from agent portal 2026-09-28: Folded Dental, Vision and Hearing Brochure"
ManhattanLife,Dental Vision Hearing (7016),DVH7016,brochure,client,NM,,DVH-NM-BR,0220,NM/Dental Vision Hearing (7016),"DVH-NM-BR_0220 (NM Dental Vision Hearing (7016) - Dental, Vision & Hearing Brochure).pdf",,,"from agent portal 2026-09-28: Dental, Vision & Hearing Brochure"
ManhattanLife,Out-of-Pocket Protection (Gap),GAP,brochure,client,NM,,GAP15-BRSP,0320,NM/Out-of-Pocket Protection (Gap),GAP15-BRSP_0320 (NM Out-of-Pocket Protection (Gap) - Spanish Out-of-Pocket Brochure).pdf,,,from agent portal 2026-09-28: Spanish Out-of-Pocket Brochure
ManhattanLife,Out-of-Pocket Protection (Gap),GAP,brochure,client,NM,,GAP15-BR,0320,NM/Out-of-Pocket Protection (Gap),GAP15-BR_0320 (NM Out-of-Pocket Protection (Gap) - Out-of-Pocket Brochure).pdf,,,from agent portal 2026-09-28: Out-of-Pocket Brochure
ManhattanLife,Affordable Choice,AFC,brochure,client,NM,,AFC18-NM-BRSP,0424,NM/Affordable Choice,AFC18-NM-BRSP_0424 (NM Affordable Choice - Spanish Affordable Choice 18 Brochure).pdf,,,from agent portal 2026-09-28: Spanish Affordable Choice 18 Brochure
ManhattanLife,Affordable Choice,AFC,brochure,client,NM,,AFC18-NM-BR,0424,NM/Affordable Choice,AFC18-NM-BR_0424 (NM Affordable Choice - Affordable Choice 18 Brochure).pdf,,,from agent portal 2026-09-28: Affordable Choice 18 Brochure
ManhattanLife,Affordable Choice,AFC,agent-guide,agent,ALL,NM OR,AGT-AFC18,0120,_agent-guides/Affordable Choice,AGT-AFC18_0120 (2 states Affordable Choice - Affordable Choice 18 Agent Guide - AGENT ONLY).pdf,,,from agent portal 2026-09-28: Affordable Choice 18 Agent Guide
ManhattanLife,Dental Vision Hearing Select,DVHS,brochure,client,NM,,DVHS-NM-BR,0525,NM/Dental Vision Hearing Select,"DVHS-NM-BR_0525 (NM Dental Vision Hearing Select - Dental,Vision and Hearing Select Brochure).pdf",,,"from agent portal 2026-09-28: Dental,Vision and Hearing Select Brochure"
ManhattanLife,Cancer Care Plus,CCP,brochure,client,NV,,CCP-BRSP,0420,NV/Cancer Care Plus,CCP-BRSP_0420 (NV Cancer Care Plus - Spanish Cancer Care Plus Brochure).pdf,,,from agent portal 2026-09-28: Spanish Cancer Care Plus Brochure
ManhattanLife,Cancer Care Plus,CCP,brochure,client,NV,,CCP-BR,0420,NV/Cancer Care Plus,CCP-BR_0420 (NV Cancer Care Plus - Cancer Care Plus Brochure).pdf,,,from agent portal 2026-09-28: Cancer Care Plus Brochure
ManhattanLife,Critical Protection and Recovery,CPR,brochure,client,NV,,CPR-BR,0520,NV/Critical Protection and Recovery,CPR-BR_0520 (NV Critical Protection and Recovery - Critical Protection & Recovery Brochure).pdf,,,from agent portal 2026-09-28: Critical Protection & Recovery Brochure
ManhattanLife,Critical Protection and Recovery,CPR,brochure,client,NV,,CPRC-BR,0520,NV/Critical Protection and Recovery,CPRC-BR_0520 (NV Critical Protection and Recovery - Critical Protection & Recovery with Cancer).pdf,,,from agent portal 2026-09-28: Critical Protection & Recovery with Cancer
ManhattanLife,24-Hour Accident,EAEP,brochure,client,NV,,EAEP-BR,0622,NV/24-Hour Accident,EAEP-BR_0622 (NV 24-Hour Accident - 24 Hour Accident Brochure).pdf,,,from agent portal 2026-09-28: 24 Hour Accident Brochure
ManhattanLife,24-Hour Accident,EAEP,brochure,client,NV,,EAEP-SPBR,0622,NV/24-Hour Accident,EAEP-SPBR_0622 (NV 24-Hour Accident - Spanish 24 Hour Accident Brochure).pdf,,,from agent portal 2026-09-28: Spanish 24 Hour Accident Brochure
ManhattanLife,Accident Insurance (PAID Enhanced),PAID,brochure,client,NV,,PAIDEH-BRSP,0524,NV/Accident Insurance (PAID Enhanced),PAIDEH-BRSP_0524 (NV Accident Insurance (PAID Enhanced) - Spanish PAID Enhanced Brochure).pdf,,,from agent portal 2026-09-28: Spanish PAID Enhanced Brochure
ManhattanLife,Accident Insurance (PAID Enhanced),PAID,brochure,client,NV,,PAIDEH-BR,0524,NV/Accident Insurance (PAID Enhanced),PAIDEH-BR_0524 (NV Accident Insurance (PAID Enhanced) - PAID Enhanced Brochure).pdf,,,from agent portal 2026-09-28: PAID Enhanced Brochure
ManhattanLife,Out-of-Pocket Protection (Gap),GAP,brochure,client,NV,,GAP15-BRSP,0320,NV/Out-of-Pocket Protection (Gap),GAP15-BRSP_0320 (NV Out-of-Pocket Protection (Gap) - Spanish Out-of-Pocket Brochure).pdf,,,from agent portal 2026-09-28: Spanish Out-of-Pocket Brochure
ManhattanLife,Out-of-Pocket Protection (Gap),GAP,brochure,client,NV,,GAP15-BR,0320,NV/Out-of-Pocket Protection (Gap),GAP15-BR_0320 (NV Out-of-Pocket Protection (Gap) - Out-of-Pocket Brochure).pdf,,,from agent portal 2026-09-28: Out-of-Pocket Brochure
ManhattanLife,Affordable Choice,AFC,brochure,client,NV,,AFC7010-BRSP,1025,NV/Affordable Choice,AFC7010-BRSP_1025 (NV Affordable Choice - Spanish AFC with Specified Disease Brochure).pdf,,,from agent portal 2026-09-28: Spanish AFC with Specified Disease Brochure
ManhattanLife,Affordable Choice,AFC,brochure,client,NV,,AFC7010-BR,1025,NV/Affordable Choice,AFC7010-BR_1025 (NV Affordable Choice - Affordable Choice Enhanced with Specified Disease Brochure).pdf,,,from agent portal 2026-09-28: Affordable Choice Enhanced with Specified Disease Brochure
ManhattanLife,Dental Vision Hearing Select,DVHS,brochure,client,NV,,DVHS-NVBR,0525,NV/Dental Vision Hearing Select,"DVHS-NVBR_0525 (NV Dental Vision Hearing Select - Dental, Vision and Hearing Select Brochure).pdf",,,"from agent portal 2026-09-28: Dental, Vision and Hearing Select Brochure"
ManhattanLife,Home Health Care Enhanced,HHC,brochure,client,NV,,HHCE-BR,0326,NV/Home Health Care Enhanced,HHCE-BR_0326 (NV Home Health Care Enhanced - Home Health Care Enhanced Brochure).pdf,,,from agent portal 2026-09-28: Home Health Care Enhanced Brochure
ManhattanLife,Home Health Care Enhanced,HHC,brochure,client,NV,,HHCE-SPBR,0326,NV/Home Health Care Enhanced,HHCE-SPBR_0326 (NV Home Health Care Enhanced - Spanish Home Health Care Enhanced Brochure).pdf,,,from agent portal 2026-09-28: Spanish Home Health Care Enhanced Brochure
ManhattanLife,Cancer Heart Attack and Stroke,CHAS,brochure,client,NV,,CHAS-BRSP,0525,NV/Cancer Heart Attack and Stroke,"CHAS-BRSP_0525 (NV Cancer Heart Attack and Stroke - Spanish Cancer, Heart & Stroke Brochure).pdf",,,"from agent portal 2026-09-28: Spanish Cancer, Heart & Stroke Brochure"
ManhattanLife,Cancer Heart Attack and Stroke,CHAS,brochure,client,NV,,CHAS-BR,0525,NV/Cancer Heart Attack and Stroke,"CHAS-BR_0525 (NV Cancer Heart Attack and Stroke - Cancer, Heart & Stroke Brochure).pdf",,,"from agent portal 2026-09-28: Cancer, Heart & Stroke Brochure"
ManhattanLife,Short Term Care (OmniFlex),STC,brochure,client,NV,,STC-BRF,0825,NV/Short Term Care (OmniFlex),STC-BRF_0825 (NV Short Term Care (OmniFlex) - Folded Short Term Care Brochure).pdf,,,from agent portal 2026-09-28: Folded Short Term Care Brochure
ManhattanLife,Short Term Care (OmniFlex),STC,brochure,client,NV,,STC-BR,0525,NV/Short Term Care (OmniFlex),STC-BR_0525 (NV Short Term Care (OmniFlex) - Omni-Flex Short Term Care Brochure).pdf,,,from agent portal 2026-09-28: Omni-Flex Short Term Care Brochure
ManhattanLife,Hospital Indemnity Select,HIS,brochure,client,NV,,HIS-BRSP,0126,NV/Hospital Indemnity Select,HIS-BRSP_0126 (NV Hospital Indemnity Select - Spanish Hospital Indemnity Select Brochure).pdf,,,from agent portal 2026-09-28: Spanish Hospital Indemnity Select Brochure
ManhattanLife,Hospital Indemnity Select,HIS,brochure,client,NV,,HIS-BR,0126,NV/Hospital Indemnity Select,HIS-BR_0126 (NV Hospital Indemnity Select - Hospital Indemnity Select Brochure).pdf,,,from agent portal 2026-09-28: Hospital Indemnity Select Brochure
ManhattanLife,Cancer Care Plus,CCP,brochure,client,OH,,CCP-BRSP,0420,OH/Cancer Care Plus,CCP-BRSP_0420 (OH Cancer Care Plus - Spanish Cancer Care Plus Brochure).pdf,,,from agent portal 2026-09-28: Spanish Cancer Care Plus Brochure
ManhattanLife,Cancer Care Plus,CCP,brochure,client,OH,,CCP-BR,0420,OH/Cancer Care Plus,CCP-BR_0420 (OH Cancer Care Plus - Cancer Care Plus Brochure).pdf,,,from agent portal 2026-09-28: Cancer Care Plus Brochure
ManhattanLife,Critical Protection and Recovery,CPR,brochure,client,OH,,CPR-BR,0520,OH/Critical Protection and Recovery,CPR-BR_0520 (OH Critical Protection and Recovery - Critical Protection & Recovery Brochure).pdf,,,from agent portal 2026-09-28: Critical Protection & Recovery Brochure
ManhattanLife,Critical Protection and Recovery,CPR,brochure,client,OH,,CPRC-BR,0520,OH/Critical Protection and Recovery,CPRC-BR_0520 (OH Critical Protection and Recovery - Critical Protection & Recovery with Cancer).pdf,,,from agent portal 2026-09-28: Critical Protection & Recovery with Cancer
ManhattanLife,24-Hour Accident,EAEP,brochure,client,OH,,EAEP-KYOHPASCUTWI-BR,0224,OH/24-Hour Accident,EAEP-KYOHPASCUTWI-BR_0224 (OH 24-Hour Accident - 24 Hour Accident Brochure).pdf,,,from agent portal 2026-09-28: 24 Hour Accident Brochure
ManhattanLife,Accident Insurance (PAID Enhanced),PAID,brochure,client,OH,,PAIDEH-BRSP,0524,OH/Accident Insurance (PAID Enhanced),PAIDEH-BRSP_0524 (OH Accident Insurance (PAID Enhanced) - Spanish PAID Enhanced Brochure).pdf,,,from agent portal 2026-09-28: Spanish PAID Enhanced Brochure
ManhattanLife,Accident Insurance (PAID Enhanced),PAID,brochure,client,OH,,PAIDEH-BR,0524,OH/Accident Insurance (PAID Enhanced),PAIDEH-BR_0524 (OH Accident Insurance (PAID Enhanced) - PAID Enhanced Brochure).pdf,,,from agent portal 2026-09-28: PAID Enhanced Brochure
ManhattanLife,Dental Vision Hearing (7016),DVH7016,brochure,client,OH,,DVH7016-OH-BRF,0624,OH/Dental Vision Hearing (7016),"DVH7016-OH-BRF_0624 (OH Dental Vision Hearing (7016) - Folded Dental, Vision & Hearing 7016 Brochure).pdf",,,"from agent portal 2026-09-28: Folded Dental, Vision & Hearing 7016 Brochure"
ManhattanLife,Dental Vision Hearing (7016),DVH7016,brochure,client,OH,,DVH7016-OH-BR,0624,OH/Dental Vision Hearing (7016),"DVH7016-OH-BR_0624 (OH Dental Vision Hearing (7016) - Dental, Vision & Hearing 7016 Brochure).pdf",,,"from agent portal 2026-09-28: Dental, Vision & Hearing 7016 Brochure"
ManhattanLife,Out-of-Pocket Protection (Gap),GAP,brochure,client,OH,,GAP15-BRSP,0320,OH/Out-of-Pocket Protection (Gap),GAP15-BRSP_0320 (OH Out-of-Pocket Protection (Gap) - Spanish Out-of-Pocket Brochure).pdf,,,from agent portal 2026-09-28: Spanish Out-of-Pocket Brochure
ManhattanLife,Out-of-Pocket Protection (Gap),GAP,brochure,client,OH,,GAP15-BR,0320,OH/Out-of-Pocket Protection (Gap),GAP15-BR_0320 (OH Out-of-Pocket Protection (Gap) - Out-of-Pocket Brochure).pdf,,,from agent portal 2026-09-28: Out-of-Pocket Brochure
ManhattanLife,Affordable Choice,AFC,brochure,client,OH,,AFC7010-OHBR,0626,OH/Affordable Choice,AFC7010-OHBR_0626 (OH Affordable Choice - Affordable Choice w-Specified Disease Brochure).pdf,,,from agent portal 2026-09-28: Affordable Choice w-Specified Disease Brochure
ManhattanLife,Dental Vision Hearing Select,DVHS,brochure,client,OH,,DVHS-BRSP,0223,OH/Dental Vision Hearing Select,DVHS-BRSP_0223 (OH Dental Vision Hearing Select - Spanish DVH Select Brochure).pdf,,,from agent portal 2026-09-28: Spanish DVH Select Brochure
ManhattanLife,Dental Vision Hearing Select,DVHS,brochure,client,OH,,DVHS-BR,0223,OH/Dental Vision Hearing Select,"DVHS-BR_0223 (OH Dental Vision Hearing Select - Dental, Hearing & Vision Select Brochure).pdf",,,"from agent portal 2026-09-28: Dental, Hearing & Vision Select Brochure"
ManhattanLife,Home Health Care Enhanced,HHC,brochure,client,OH,,HHCE-BRF,0726,OH/Home Health Care Enhanced,HHCE-BRF_0726 (OH Home Health Care Enhanced - Trifold Home Health Care Brochure).pdf,,,from agent portal 2026-09-28: Trifold Home Health Care Brochure
ManhattanLife,Home Health Care Enhanced,HHC,brochure,client,OH,,HHCE-BR,0326,OH/Home Health Care Enhanced,HHCE-BR_0326 (OH Home Health Care Enhanced - Home Health Care Enhanced Brochure).pdf,,,from agent portal 2026-09-28: Home Health Care Enhanced Brochure
ManhattanLife,Home Health Care Enhanced,HHC,brochure,client,OH,,HHCE-SPBR,0326,OH/Home Health Care Enhanced,HHCE-SPBR_0326 (OH Home Health Care Enhanced - Spanish Home Health Care Enhanced Brochure).pdf,,,from agent portal 2026-09-28: Spanish Home Health Care Enhanced Brochure
ManhattanLife,Cancer Heart Attack and Stroke,CHAS,brochure,client,OH,,CHAS-BRSP,0525,OH/Cancer Heart Attack and Stroke,"CHAS-BRSP_0525 (OH Cancer Heart Attack and Stroke - Spanish Cancer, Heart & Stroke Brochure).pdf",,,"from agent portal 2026-09-28: Spanish Cancer, Heart & Stroke Brochure"
ManhattanLife,Cancer Heart Attack and Stroke,CHAS,brochure,client,OH,,CHAS-BR,0525,OH/Cancer Heart Attack and Stroke,"CHAS-BR_0525 (OH Cancer Heart Attack and Stroke - Cancer, Heart & Stroke Brochure).pdf",,,"from agent portal 2026-09-28: Cancer, Heart & Stroke Brochure"
ManhattanLife,Short Term Care (OmniFlex),STC,brochure,client,OH,,STC-BRF,0825,OH/Short Term Care (OmniFlex),STC-BRF_0825 (OH Short Term Care (OmniFlex) - Folded Short Term Care Brochure).pdf,,,from agent portal 2026-09-28: Folded Short Term Care Brochure
ManhattanLife,Short Term Care (OmniFlex),STC,brochure,client,OH,,STC-BR,0525,OH/Short Term Care (OmniFlex),STC-BR_0525 (OH Short Term Care (OmniFlex) - Omni-Flex Short Term Care Brochure).pdf,,,from agent portal 2026-09-28: Omni-Flex Short Term Care Brochure
ManhattanLife,Hospital Indemnity Select,HIS,brochure,client,OH,,HIS-BRSP,0126,OH/Hospital Indemnity Select,HIS-BRSP_0126 (OH Hospital Indemnity Select - Spanish Hospital Indemnity Select Brochure).pdf,,,from agent portal 2026-09-28: Spanish Hospital Indemnity Select Brochure
ManhattanLife,Hospital Indemnity Select,HIS,brochure,client,OH,,HIS-BR,0126,OH/Hospital Indemnity Select,HIS-BR_0126 (OH Hospital Indemnity Select - Hospital Indemnity Select Brochure).pdf,,,from agent portal 2026-09-28: Hospital Indemnity Select Brochure
ManhattanLife,Cancer Care Plus,CCP,brochure,client,OK,,CCP-BRSP,0420,OK/Cancer Care Plus,CCP-BRSP_0420 (OK Cancer Care Plus - Spanish Cancer Care Plus Brochure).pdf,,,from agent portal 2026-09-28: Spanish Cancer Care Plus Brochure
ManhattanLife,Cancer Care Plus,CCP,brochure,client,OK,,CCP-BR,0420,OK/Cancer Care Plus,CCP-BR_0420 (OK Cancer Care Plus - Cancer Care Plus Brochure).pdf,,,from agent portal 2026-09-28: Cancer Care Plus Brochure
ManhattanLife,Cancer Care Plus,CCP,agent-guide,agent,OK,,CP4000-AGT1211-OK-ED121311,,_agent-guides/Cancer Care Plus,CP4000-AGT1211-OK-ED121311 (OK Cancer Care Plus - CP4000 Limited Cancer and Dread Disease Agent Guide - AGENT ONLY).pdf,,,from agent portal 2026-09-28: CP4000 Limited Cancer and Dread Disease Agent Guide
ManhattanLife,Critical Protection and Recovery,CPR,brochure,client,OK,,CPR-BR,0520,OK/Critical Protection and Recovery,CPR-BR_0520 (OK Critical Protection and Recovery - Critical Protection & Recovery Brochure).pdf,,,from agent portal 2026-09-28: Critical Protection & Recovery Brochure
ManhattanLife,Critical Protection and Recovery,CPR,brochure,client,OK,,CPRC-BR,0520,OK/Critical Protection and Recovery,CPRC-BR_0520 (OK Critical Protection and Recovery - Critical Protection & Recovery with Cancer).pdf,,,from agent portal 2026-09-28: Critical Protection & Recovery with Cancer
ManhattanLife,24-Hour Accident,EAEP,brochure,client,OK,,EAEP-BR,0622,OK/24-Hour Accident,EAEP-BR_0622 (OK 24-Hour Accident - 24 Hour Accident Brochure).pdf,,,from agent portal 2026-09-28: 24 Hour Accident Brochure
ManhattanLife,24-Hour Accident,EAEP,brochure,client,OK,,EAEP-SPBR,0622,OK/24-Hour Accident,EAEP-SPBR_0622 (OK 24-Hour Accident - Spanish 24 Hour Accident Brochure).pdf,,,from agent portal 2026-09-28: Spanish 24 Hour Accident Brochure
ManhattanLife,Accident Insurance (PAID Enhanced),PAID,brochure,client,OK,,PAIDEH-BRSP,0524,OK/Accident Insurance (PAID Enhanced),PAIDEH-BRSP_0524 (OK Accident Insurance (PAID Enhanced) - Spanish PAID Enhanced Brochure).pdf,,,from agent portal 2026-09-28: Spanish PAID Enhanced Brochure
ManhattanLife,Accident Insurance (PAID Enhanced),PAID,brochure,client,OK,,PAIDEH-BR,0524,OK/Accident Insurance (PAID Enhanced),PAIDEH-BR_0524 (OK Accident Insurance (PAID Enhanced) - PAID Enhanced Brochure).pdf,,,from agent portal 2026-09-28: PAID Enhanced Brochure
ManhattanLife,Dental Vision Hearing (7016),DVH7016,brochure,client,OK,,DVH7016-BRFSP,0425,OK/Dental Vision Hearing (7016),DVH7016-BRFSP_0425 (OK Dental Vision Hearing (7016) - Spanish Folded DVH7016 Brochure).pdf,,,from agent portal 2026-09-28: Spanish Folded DVH7016 Brochure
ManhattanLife,Dental Vision Hearing (7016),DVH7016,brochure,client,OK,,DVH7016-BRF,0425,OK/Dental Vision Hearing (7016),DVH7016-BRF_0425 (OK Dental Vision Hearing (7016) - Folded DVH7016 Brochure).pdf,,,from agent portal 2026-09-28: Folded DVH7016 Brochure
ManhattanLife,Dental Vision Hearing (7016),DVH7016,brochure,client,OK,,DVH7016-BRSP,0425,OK/Dental Vision Hearing (7016),DVH7016-BRSP_0425 (OK Dental Vision Hearing (7016) - Spanish DVH7016 Brochure).pdf,,,from agent portal 2026-09-28: Spanish DVH7016 Brochure
ManhattanLife,Dental Vision Hearing (7016),DVH7016,brochure,client,OK,,DVH7016-BR,0425,OK/Dental Vision Hearing (7016),"DVH7016-BR_0425 (OK Dental Vision Hearing (7016) - Dental, Vision and Hearing 7016 Brochure).pdf",,,"from agent portal 2026-09-28: Dental, Vision and Hearing 7016 Brochure"
ManhattanLife,Out-of-Pocket Protection (Gap),GAP,brochure,client,OK,,GAP15-BRSP,0320,OK/Out-of-Pocket Protection (Gap),GAP15-BRSP_0320 (OK Out-of-Pocket Protection (Gap) - Spanish Out-of-Pocket Brochure).pdf,,,from agent portal 2026-09-28: Spanish Out-of-Pocket Brochure
ManhattanLife,Out-of-Pocket Protection (Gap),GAP,brochure,client,OK,,GAP15-BR,0320,OK/Out-of-Pocket Protection (Gap),GAP15-BR_0320 (OK Out-of-Pocket Protection (Gap) - Out-of-Pocket Brochure).pdf,,,from agent portal 2026-09-28: Out-of-Pocket Brochure
ManhattanLife,Affordable Choice,AFC,brochure,client,OK,,AFC7010-BRSP,1025,OK/Affordable Choice,AFC7010-BRSP_1025 (OK Affordable Choice - Spanish AFC with Specified Disease Brochure).pdf,,,from agent portal 2026-09-28: Spanish AFC with Specified Disease Brochure
ManhattanLife,Affordable Choice,AFC,brochure,client,OK,,AFC7010-BR,1025,OK/Affordable Choice,AFC7010-BR_1025 (OK Affordable Choice - Affordable Choice Enhanced with Specified Disease Brochure).pdf,,,from agent portal 2026-09-28: Affordable Choice Enhanced with Specified Disease Brochure
ManhattanLife,Dental Vision Hearing Select,DVHS,brochure,client,OK,,DVHS-BRSP,0425,OK/Dental Vision Hearing Select,DVHS-BRSP_0425 (OK Dental Vision Hearing Select - Spanish DVH Select Brochure).pdf,,,from agent portal 2026-09-28: Spanish DVH Select Brochure
ManhattanLife,Dental Vision Hearing Select,DVHS,brochure,client,OK,,DVHS-BR,0926,OK/Dental Vision Hearing Select,"DVHS-BR_0926 (OK Dental Vision Hearing Select - Dental, Vision and Hearing Select).pdf",,,"from agent portal 2026-09-28: Dental, Vision and Hearing Select"
ManhattanLife,Home Health Care Enhanced,HHC,brochure,client,OK,,HHCE-BRF,0726,OK/Home Health Care Enhanced,HHCE-BRF_0726 (OK Home Health Care Enhanced - Trifold Home Health Care Brochure).pdf,,,from agent portal 2026-09-28: Trifold Home Health Care Brochure
ManhattanLife,Home Health Care Enhanced,HHC,brochure,client,OK,,HHCE-BR,0326,OK/Home Health Care Enhanced,HHCE-BR_0326 (OK Home Health Care Enhanced - Home Health Care Enhanced Brochure).pdf,,,from agent portal 2026-09-28: Home Health Care Enhanced Brochure
ManhattanLife,Home Health Care Enhanced,HHC,brochure,client,OK,,HHCE-SPBR,0326,OK/Home Health Care Enhanced,HHCE-SPBR_0326 (OK Home Health Care Enhanced - Spanish Home Health Care Enhanced Brochure).pdf,,,from agent portal 2026-09-28: Spanish Home Health Care Enhanced Brochure
ManhattanLife,Cancer Heart Attack and Stroke,CHAS,brochure,client,OK,,CHAS-BRSP,0525,OK/Cancer Heart Attack and Stroke,"CHAS-BRSP_0525 (OK Cancer Heart Attack and Stroke - Spanish Cancer, Heart & Stroke Brochure).pdf",,,"from agent portal 2026-09-28: Spanish Cancer, Heart & Stroke Brochure"
ManhattanLife,Cancer Heart Attack and Stroke,CHAS,brochure,client,OK,,CHAS-BR,0525,OK/Cancer Heart Attack and Stroke,"CHAS-BR_0525 (OK Cancer Heart Attack and Stroke - Cancer, Heart & Stroke Brochure).pdf",,,"from agent portal 2026-09-28: Cancer, Heart & Stroke Brochure"
ManhattanLife,Short Term Care (OmniFlex),STC,brochure,client,OK,,STC-BRF,0825,OK/Short Term Care (OmniFlex),STC-BRF_0825 (OK Short Term Care (OmniFlex) - Folded Short Term Care Brochure).pdf,,,from agent portal 2026-09-28: Folded Short Term Care Brochure
ManhattanLife,Short Term Care (OmniFlex),STC,brochure,client,OK,,STC-BR,0525,OK/Short Term Care (OmniFlex),STC-BR_0525 (OK Short Term Care (OmniFlex) - Omni-Flex Short Term Care Brochure).pdf,,,from agent portal 2026-09-28: Omni-Flex Short Term Care Brochure
ManhattanLife,Hospital Indemnity Select,HIS,brochure,client,OK,,HIS-BRSP,0126,OK/Hospital Indemnity Select,HIS-BRSP_0126 (OK Hospital Indemnity Select - Spanish Hospital Indemnity Select Brochure).pdf,,,from agent portal 2026-09-28: Spanish Hospital Indemnity Select Brochure
ManhattanLife,Hospital Indemnity Select,HIS,brochure,client,OK,,HIS-BR,0126,OK/Hospital Indemnity Select,HIS-BR_0126 (OK Hospital Indemnity Select - Hospital Indemnity Select Brochure).pdf,,,from agent portal 2026-09-28: Hospital Indemnity Select Brochure
ManhattanLife,Cancer Care Plus,CCP,brochure,client,OR,,CCP-BRSP,0420,OR/Cancer Care Plus,CCP-BRSP_0420 (OR Cancer Care Plus - Spanish Cancer Care Plus Brochure).pdf,,,from agent portal 2026-09-28: Spanish Cancer Care Plus Brochure
ManhattanLife,Cancer Care Plus,CCP,brochure,client,OR,,CCP-BR,0420,OR/Cancer Care Plus,CCP-BR_0420 (OR Cancer Care Plus - Cancer Care Plus Brochure).pdf,,,from agent portal 2026-09-28: Cancer Care Plus Brochure
ManhattanLife,Critical Protection and Recovery,CPR,brochure,client,OR,,CPR-BR,0520,OR/Critical Protection and Recovery,CPR-BR_0520 (OR Critical Protection and Recovery - Critical Protection & Recovery Brochure).pdf,,,from agent portal 2026-09-28: Critical Protection & Recovery Brochure
ManhattanLife,Critical Protection and Recovery,CPR,brochure,client,OR,,CPRC-BR,0520,OR/Critical Protection and Recovery,CPRC-BR_0520 (OR Critical Protection and Recovery - Critical Protection & Recovery with Cancer).pdf,,,from agent portal 2026-09-28: Critical Protection & Recovery with Cancer
ManhattanLife,Dental Vision Hearing (7016),DVH7016,brochure,client,OR,,DVH7016-OR-BRFSP,0625,OR/Dental Vision Hearing (7016),DVH7016-OR-BRFSP_0625 (OR Dental Vision Hearing (7016) - Spanish Folded DVH7016 Brochure).pdf,,,from agent portal 2026-09-28: Spanish Folded DVH7016 Brochure
ManhattanLife,Dental Vision Hearing (7016),DVH7016,brochure,client,OR,,DVH7016-OR-BRF,0625,OR/Dental Vision Hearing (7016),"DVH7016-OR-BRF_0625 (OR Dental Vision Hearing (7016) - Folded Dental, Vision & Hearing 7016 Brochure).pdf",,,"from agent portal 2026-09-28: Folded Dental, Vision & Hearing 7016 Brochure"
ManhattanLife,Dental Vision Hearing (7016),DVH7016,brochure,client,OR,,DVH7016-OR-BRSP,0625,OR/Dental Vision Hearing (7016),DVH7016-OR-BRSP_0625 (OR Dental Vision Hearing (7016) - Spanish DVH7016 Brochure).pdf,,,from agent portal 2026-09-28: Spanish DVH7016 Brochure
ManhattanLife,Dental Vision Hearing (7016),DVH7016,brochure,client,OR,,DVH7016-OR-BR,0625,OR/Dental Vision Hearing (7016),"DVH7016-OR-BR_0625 (OR Dental Vision Hearing (7016) - Dental, Vision & Hearing 7016 Brochure).pdf",,,"from agent portal 2026-09-28: Dental, Vision & Hearing 7016 Brochure"
ManhattanLife,Affordable Choice,AFC,brochure,client,OR,,AFC18-BRSP,0424,OR/Affordable Choice,AFC18-BRSP_0424 (OR Affordable Choice - Spanish Affordable Choice 18 Brochure).pdf,,,from agent portal 2026-09-28: Spanish Affordable Choice 18 Brochure
ManhattanLife,Affordable Choice,AFC,brochure,client,OR,,AFC18-BR,0424,OR/Affordable Choice,AFC18-BR_0424 (OR Affordable Choice - Affordable Choice 18 Brochure).pdf,,,from agent portal 2026-09-28: Affordable Choice 18 Brochure
ManhattanLife,Dental Vision Hearing Select,DVHS,brochure,client,OR,,DVHS-BRSP,0425,OR/Dental Vision Hearing Select,DVHS-BRSP_0425 (OR Dental Vision Hearing Select - Spanish DVH Select Brochure).pdf,,,from agent portal 2026-09-28: Spanish DVH Select Brochure
ManhattanLife,Dental Vision Hearing Select,DVHS,brochure,client,OR,,DVHS-BR,0926,OR/Dental Vision Hearing Select,"DVHS-BR_0926 (OR Dental Vision Hearing Select - Dental, Vision and Hearing Select).pdf",,,"from agent portal 2026-09-28: Dental, Vision and Hearing Select"
ManhattanLife,Home Health Care Enhanced,HHC,brochure,client,OR,,HHCE-BRF,0726,OR/Home Health Care Enhanced,HHCE-BRF_0726 (OR Home Health Care Enhanced - Trifold Home Health Care Brochure).pdf,,,from agent portal 2026-09-28: Trifold Home Health Care Brochure
ManhattanLife,Home Health Care Enhanced,HHC,brochure,client,OR,,HHCE-BR,0326,OR/Home Health Care Enhanced,HHCE-BR_0326 (OR Home Health Care Enhanced - Home Health Care Enhanced Brochure).pdf,,,from agent portal 2026-09-28: Home Health Care Enhanced Brochure
ManhattanLife,Home Health Care Enhanced,HHC,brochure,client,OR,,HHCE-SPBR,0326,OR/Home Health Care Enhanced,HHCE-SPBR_0326 (OR Home Health Care Enhanced - Spanish Home Health Care Enhanced Brochure).pdf,,,from agent portal 2026-09-28: Spanish Home Health Care Enhanced Brochure
ManhattanLife,Cancer Heart Attack and Stroke,CHAS,brochure,client,OR,,CHAS-BRSP,0525,OR/Cancer Heart Attack and Stroke,"CHAS-BRSP_0525 (OR Cancer Heart Attack and Stroke - Spanish Cancer, Heart & Stroke Brochure).pdf",,,"from agent portal 2026-09-28: Spanish Cancer, Heart & Stroke Brochure"
ManhattanLife,Cancer Heart Attack and Stroke,CHAS,brochure,client,OR,,CHAS-BR,0525,OR/Cancer Heart Attack and Stroke,"CHAS-BR_0525 (OR Cancer Heart Attack and Stroke - Cancer, Heart & Stroke Brochure).pdf",,,"from agent portal 2026-09-28: Cancer, Heart & Stroke Brochure"
ManhattanLife,Short Term Care (OmniFlex),STC,brochure,client,OR,,STC-BRF,0825,OR/Short Term Care (OmniFlex),STC-BRF_0825 (OR Short Term Care (OmniFlex) - Folded Short Term Care Brochure).pdf,,,from agent portal 2026-09-28: Folded Short Term Care Brochure
ManhattanLife,Short Term Care (OmniFlex),STC,brochure,client,OR,,STC-BR,0525,OR/Short Term Care (OmniFlex),STC-BR_0525 (OR Short Term Care (OmniFlex) - Omni-Flex Short Term Care Brochure).pdf,,,from agent portal 2026-09-28: Omni-Flex Short Term Care Brochure
ManhattanLife,Hospital Indemnity Select,HIS,brochure,client,OR,,HIS-BRSP,0126,OR/Hospital Indemnity Select,HIS-BRSP_0126 (OR Hospital Indemnity Select - Spanish Hospital Indemnity Select Brochure).pdf,,,from agent portal 2026-09-28: Spanish Hospital Indemnity Select Brochure
ManhattanLife,Hospital Indemnity Select,HIS,brochure,client,OR,,HIS-BR,0126,OR/Hospital Indemnity Select,HIS-BR_0126 (OR Hospital Indemnity Select - Hospital Indemnity Select Brochure).pdf,,,from agent portal 2026-09-28: Hospital Indemnity Select Brochure
ManhattanLife,Cancer Care Plus,CCP,brochure,client,PA,,CCP-PA-BR,0420,PA/Cancer Care Plus,CCP-PA-BR_0420 (PA Cancer Care Plus - Cancer Care Plus Brochure).pdf,,,from agent portal 2026-09-28: Cancer Care Plus Brochure
ManhattanLife,Cancer Care Plus,CCP,agent-guide,agent,PA,,CP4000-AGT-0510-PA,,_agent-guides/Cancer Care Plus,CP4000-AGT-0510-PA (PA Cancer Care Plus - CANCER AGENT GUIDE AND PREMIUMS - AGENT ONLY).pdf,,,from agent portal 2026-09-28: CANCER AGENT GUIDE AND PREMIUMS
ManhattanLife,Critical Protection and Recovery,CPR,brochure,client,PA,,CPR-ILMDPASD-BR,0520,PA/Critical Protection and Recovery,CPR-ILMDPASD-BR_0520 (PA Critical Protection and Recovery - Critical Protection and Recovery Brochure).pdf,,,from agent portal 2026-09-28: Critical Protection and Recovery Brochure
ManhattanLife,Critical Protection and Recovery,CPR,rates,agent,PA,,CPR-PA-BDR,0520,_rates/Critical Protection and Recovery,CPR-PA-BDR_0520 (PA Critical Protection and Recovery - CPR Bankdraft Rates).pdf,,,from agent portal 2026-09-28: CPR Bankdraft Rates
ManhattanLife,Critical Protection and Recovery,CPR,rates,agent,PA,,CPR-PA-WPR,0520,_rates/Critical Protection and Recovery,CPR-PA-WPR_0520 (PA Critical Protection and Recovery - CPR Worksite Payroll Rates).pdf,,,from agent portal 2026-09-28: CPR Worksite Payroll Rates
ManhattanLife,Critical Protection and Recovery,CPR,brochure,client,PA,,CPRC-ILMDPASD-BR,0520,PA/Critical Protection and Recovery,CPRC-ILMDPASD-BR_0520 (PA Critical Protection and Recovery - Critical Protection and Recovery with Cancer Brochure).pdf,,,from agent portal 2026-09-28: Critical Protection and Recovery with Cancer Brochure
ManhattanLife,24-Hour Accident,EAEP,brochure,client,PA,,EAEP-KYOHPASCUTWI-BR,0224,PA/24-Hour Accident,EAEP-KYOHPASCUTWI-BR_0224 (PA 24-Hour Accident - 24 Hour Accident Brochure).pdf,,,from agent portal 2026-09-28: 24 Hour Accident Brochure
ManhattanLife,Accident Insurance (PAID Enhanced),PAID,brochure,client,PA,,PAIDEH-BRSP,0524,PA/Accident Insurance (PAID Enhanced),PAIDEH-BRSP_0524 (PA Accident Insurance (PAID Enhanced) - Spanish PAID Enhanced Brochure).pdf,,,from agent portal 2026-09-28: Spanish PAID Enhanced Brochure
ManhattanLife,Accident Insurance (PAID Enhanced),PAID,brochure,client,PA,,PAIDEH-BR,0524,PA/Accident Insurance (PAID Enhanced),PAIDEH-BR_0524 (PA Accident Insurance (PAID Enhanced) - PAID Enhanced Brochure).pdf,,,from agent portal 2026-09-28: PAID Enhanced Brochure
ManhattanLife,Dental Vision Hearing (7016),DVH7016,brochure,client,PA,,DVH7016-PA-BR-0923,,PA/Dental Vision Hearing (7016),"DVH7016-PA-BR-0923 (PA Dental Vision Hearing (7016) - Dental, Vision & Hearing 7016 Brochure).pdf",,,"from agent portal 2026-09-28: Dental, Vision & Hearing 7016 Brochure"
ManhattanLife,Dental Vision Hearing (7016),DVH7016,brochure,client,PA,,DVH7016-PA-BRF-0923,,PA/Dental Vision Hearing (7016),"DVH7016-PA-BRF-0923 (PA Dental Vision Hearing (7016) - Folded Dental, Vision & Hearing Brochure).pdf",,,"from agent portal 2026-09-28: Folded Dental, Vision & Hearing Brochure"
ManhattanLife,Dental Vision Hearing (7016),DVH7016,brochure,client,PA,,DVH7016-PA-BRFSP-0923,,PA/Dental Vision Hearing (7016),DVH7016-PA-BRFSP-0923 (PA Dental Vision Hearing (7016) - Spanish Folded DVH 7016 Brochure).pdf,,,from agent portal 2026-09-28: Spanish Folded DVH 7016 Brochure
ManhattanLife,Dental Vision Hearing (7016),DVH7016,brochure,client,PA,,DVH7016-PA-BRSP-0923,,PA/Dental Vision Hearing (7016),DVH7016-PA-BRSP-0923 (PA Dental Vision Hearing (7016) - Spanish DVH7016 Brochure).pdf,,,from agent portal 2026-09-28: Spanish DVH7016 Brochure
ManhattanLife,Out-of-Pocket Protection (Gap),GAP,rates,agent,PA,,GAP-PA_RATES,1123,_rates/Out-of-Pocket Protection (Gap),GAP-PA_RATES_1123 (PA Out-of-Pocket Protection (Gap) - Out-of-Pocket Rates).pdf,,,from agent portal 2026-09-28: Out-of-Pocket Rates
ManhattanLife,Out-of-Pocket Protection (Gap),GAP,brochure,client,PA,,GAP15-PA-BR,0320,PA/Out-of-Pocket Protection (Gap),GAP15-PA-BR_0320 (PA Out-of-Pocket Protection (Gap) - Out-of-Pocket Brochure).pdf,,,from agent portal 2026-09-28: Out-of-Pocket Brochure
ManhattanLife,Affordable Choice,AFC,brochure,client,PA,,AFC7010-BRSP,0424,PA/Affordable Choice,AFC7010-BRSP_0424 (PA Affordable Choice - Spanish Affordable Choice 7010 Brochure).pdf,,,from agent portal 2026-09-28: Spanish Affordable Choice 7010 Brochure
ManhattanLife,Affordable Choice,AFC,brochure,client,PA,,AFC7010-BR,0424,PA/Affordable Choice,AFC7010-BR_0424 (PA Affordable Choice - Affordable Choice 7010 Brochure).pdf,,,from agent portal 2026-09-28: Affordable Choice 7010 Brochure
ManhattanLife,Dental Vision Hearing Select,DVHS,brochure,client,PA,,DVHS-PABR,0525,PA/Dental Vision Hearing Select,"DVHS-PABR_0525 (PA Dental Vision Hearing Select - Dental, Vision and Hearing Select Brochure).pdf",,,"from agent portal 2026-09-28: Dental, Vision and Hearing Select Brochure"
ManhattanLife,Home Health Care Select,HHCS,brochure,client,PA,,HHCS-BRSP,0623,PA/Home Health Care Select,HHCS-BRSP_0623 (PA Home Health Care Select - Spanish Home Health Care Select Brochure).pdf,,,from agent portal 2026-09-28: Spanish Home Health Care Select Brochure
ManhattanLife,Home Health Care Select,HHCS,brochure,client,PA,,HHCS-BR,0623,PA/Home Health Care Select,HHCS-BR_0623 (PA Home Health Care Select - Home Health Care Select Brochure).pdf,,,from agent portal 2026-09-28: Home Health Care Select Brochure
ManhattanLife,Cancer Heart Attack and Stroke,CHAS,brochure,client,PA,,CHAS-BRSP,0525,PA/Cancer Heart Attack and Stroke,"CHAS-BRSP_0525 (PA Cancer Heart Attack and Stroke - Spanish Cancer, Heart & Stroke Brochure).pdf",,,"from agent portal 2026-09-28: Spanish Cancer, Heart & Stroke Brochure"
ManhattanLife,Cancer Heart Attack and Stroke,CHAS,brochure,client,PA,,CHAS-BR,0525,PA/Cancer Heart Attack and Stroke,"CHAS-BR_0525 (PA Cancer Heart Attack and Stroke - Cancer, Heart & Stroke Brochure).pdf",,,"from agent portal 2026-09-28: Cancer, Heart & Stroke Brochure"
ManhattanLife,Short Term Care (OmniFlex),STC,brochure,client,PA,,STC-PABR,0825,PA/Short Term Care (OmniFlex),STC-PABR_0825 (PA Short Term Care (OmniFlex) - Omni-Flex Short Term Care Brochure).pdf,,,from agent portal 2026-09-28: Omni-Flex Short Term Care Brochure
ManhattanLife,Hospital Indemnity Select,HIS,brochure,client,PA,,HIS-IAPATXUTBR,0126,PA/Hospital Indemnity Select,HIS-IAPATXUTBR_0126 (PA Hospital Indemnity Select - Hospital Indemnity Select Brochure).pdf,,,from agent portal 2026-09-28: Hospital Indemnity Select Brochure
ManhattanLife,Affordable Choice,AFC,brochure,client,RI,,AFC7010-RIBR,0426,RI/Affordable Choice,AFC7010-RIBR_0426 (RI Affordable Choice - Affordable Choice Enhanced with Specified Disease Brochure).pdf,,,from agent portal 2026-09-28: Affordable Choice Enhanced with Specified Disease Brochure
ManhattanLife,Cancer Heart Attack and Stroke,CHAS,brochure,client,RI,,CHAS-BRSP,0525,RI/Cancer Heart Attack and Stroke,"CHAS-BRSP_0525 (RI Cancer Heart Attack and Stroke - Spanish Cancer, Heart & Stroke Brochure).pdf",,,"from agent portal 2026-09-28: Spanish Cancer, Heart & Stroke Brochure"
ManhattanLife,Cancer Heart Attack and Stroke,CHAS,brochure,client,RI,,CHAS-BR,0525,RI/Cancer Heart Attack and Stroke,"CHAS-BR_0525 (RI Cancer Heart Attack and Stroke - Cancer, Heart & Stroke Brochure).pdf",,,"from agent portal 2026-09-28: Cancer, Heart & Stroke Brochure"
ManhattanLife,Short Term Care (OmniFlex),STC,brochure,client,RI,,STC-BRF,0825,RI/Short Term Care (OmniFlex),STC-BRF_0825 (RI Short Term Care (OmniFlex) - Folded Short Term Care Brochure).pdf,,,from agent portal 2026-09-28: Folded Short Term Care Brochure
ManhattanLife,Short Term Care (OmniFlex),STC,brochure,client,RI,,STC-BR,0525,RI/Short Term Care (OmniFlex),STC-BR_0525 (RI Short Term Care (OmniFlex) - Omni-Flex Short Term Care Brochure).pdf,,,from agent portal 2026-09-28: Omni-Flex Short Term Care Brochure
ManhattanLife,Cancer Care Plus,CCP,brochure,client,SC,,CCP-BRSP,0420,SC/Cancer Care Plus,CCP-BRSP_0420 (SC Cancer Care Plus - Spanish Cancer Care Plus Brochure).pdf,,,from agent portal 2026-09-28: Spanish Cancer Care Plus Brochure
ManhattanLife,Cancer Care Plus,CCP,brochure,client,SC,,CCP-BR,0420,SC/Cancer Care Plus,CCP-BR_0420 (SC Cancer Care Plus - Cancer Care Plus Brochure).pdf,,,from agent portal 2026-09-28: Cancer Care Plus Brochure
ManhattanLife,Cancer Care Plus,CCP,brochure,client,SC,,CP4000-1106-B,,SC/Cancer Care Plus,CP4000-1106-B (SC Cancer Care Plus - Plan B-Cancer Care Plus).pdf,,,from agent portal 2026-09-28: Plan B-Cancer Care Plus
ManhattanLife,Critical Protection and Recovery,CPR,brochure,client,SC,,CPR-BR,0520,SC/Critical Protection and Recovery,CPR-BR_0520 (SC Critical Protection and Recovery - Critical Protection & Recovery Brochure).pdf,,,from agent portal 2026-09-28: Critical Protection & Recovery Brochure
ManhattanLife,Critical Protection and Recovery,CPR,brochure,client,SC,,CPRC-BR,0520,SC/Critical Protection and Recovery,CPRC-BR_0520 (SC Critical Protection and Recovery - Critical Protection & Recovery with Cancer).pdf,,,from agent portal 2026-09-28: Critical Protection & Recovery with Cancer
ManhattanLife,24-Hour Accident,EAEP,brochure,client,SC,,EAEP-KYOHPASCUTWI-BR,0224,SC/24-Hour Accident,EAEP-KYOHPASCUTWI-BR_0224 (SC 24-Hour Accident - 24 Hour Accident Brochure).pdf,,,from agent portal 2026-09-28: 24 Hour Accident Brochure
ManhattanLife,Accident Insurance (PAID Enhanced),PAID,brochure,client,SC,,PAIDEH-BRSP,0524,SC/Accident Insurance (PAID Enhanced),PAIDEH-BRSP_0524 (SC Accident Insurance (PAID Enhanced) - Spanish PAID Enhanced Brochure).pdf,,,from agent portal 2026-09-28: Spanish PAID Enhanced Brochure
ManhattanLife,Accident Insurance (PAID Enhanced),PAID,brochure,client,SC,,PAIDEH-BR,0524,SC/Accident Insurance (PAID Enhanced),PAIDEH-BR_0524 (SC Accident Insurance (PAID Enhanced) - PAID Enhanced Brochure).pdf,,,from agent portal 2026-09-28: PAID Enhanced Brochure
ManhattanLife,Dental Vision Hearing (7016),DVH7016,brochure,client,SC,,DVH7016-BRFSP,0823,SC/Dental Vision Hearing (7016),DVH7016-BRFSP_0823 (SC Dental Vision Hearing (7016) - Spanish Folded DVH 7016 Brochure).pdf,,,from agent portal 2026-09-28: Spanish Folded DVH 7016 Brochure
ManhattanLife,Dental Vision Hearing (7016),DVH7016,brochure,client,SC,,DVH7016-BRF,0823,SC/Dental Vision Hearing (7016),"DVH7016-BRF_0823 (SC Dental Vision Hearing (7016) - Folded Dental, Vision & Hearing 7016 Brochure).pdf",,,"from agent portal 2026-09-28: Folded Dental, Vision & Hearing 7016 Brochure"
ManhattanLife,Dental Vision Hearing (7016),DVH7016,brochure,client,SC,,DVH7016-BRSP,0823,SC/Dental Vision Hearing (7016),DVH7016-BRSP_0823 (SC Dental Vision Hearing (7016) - Spanish DVH 7016 Brochure).pdf,,,from agent portal 2026-09-28: Spanish DVH 7016 Brochure
ManhattanLife,Dental Vision Hearing (7016),DVH7016,brochure,client,SC,,DVH7016-BR,0823,SC/Dental Vision Hearing (7016),"DVH7016-BR_0823 (SC Dental Vision Hearing (7016) - Dental, Vision & Hearing 7016 Brochure).pdf",,,"from agent portal 2026-09-28: Dental, Vision & Hearing 7016 Brochure"
ManhattanLife,Out-of-Pocket Protection (Gap),GAP,brochure,client,SC,,GAP15-BRSP,0320,SC/Out-of-Pocket Protection (Gap),GAP15-BRSP_0320 (SC Out-of-Pocket Protection (Gap) - Spanish Out-of-Pocket Brochure).pdf,,,from agent portal 2026-09-28: Spanish Out-of-Pocket Brochure
ManhattanLife,Out-of-Pocket Protection (Gap),GAP,brochure,client,SC,,GAP15-BR,0320,SC/Out-of-Pocket Protection (Gap),GAP15-BR_0320 (SC Out-of-Pocket Protection (Gap) - Out-of-Pocket Brochure).pdf,,,from agent portal 2026-09-28: Out-of-Pocket Brochure
ManhattanLife,Affordable Choice,AFC,brochure,client,SC,,AFC7010-BRSP,1025,SC/Affordable Choice,AFC7010-BRSP_1025 (SC Affordable Choice - Spanish AFC with Specified Disease Brochure).pdf,,,from agent portal 2026-09-28: Spanish AFC with Specified Disease Brochure
ManhattanLife,Affordable Choice,AFC,brochure,client,SC,,AFC7010-BR,1025,SC/Affordable Choice,AFC7010-BR_1025 (SC Affordable Choice - Affordable Choice Enhanced with Specified Disease Brochure).pdf,,,from agent portal 2026-09-28: Affordable Choice Enhanced with Specified Disease Brochure
ManhattanLife,Dental Vision Hearing Select,DVHS,brochure,client,SC,,DVHS-SCBRSP,1125,SC/Dental Vision Hearing Select,"DVHS-SCBRSP_1125 (SC Dental Vision Hearing Select - Spanish Dental, Vision & Hearing Select Brochure).pdf",,,"from agent portal 2026-09-28: Spanish Dental, Vision & Hearing Select Brochure"
ManhattanLife,Dental Vision Hearing Select,DVHS,brochure,client,SC,,DVHS-SCBR,1125,SC/Dental Vision Hearing Select,"DVHS-SCBR_1125 (SC Dental Vision Hearing Select - Dental, Vision & Hearing Select Brochure).pdf",,,"from agent portal 2026-09-28: Dental, Vision & Hearing Select Brochure"
ManhattanLife,Home Health Care Enhanced,HHC,brochure,client,SC,,HHCE-BRF,0726,SC/Home Health Care Enhanced,HHCE-BRF_0726 (SC Home Health Care Enhanced - Trifold Home Health Care Brochure).pdf,,,from agent portal 2026-09-28: Trifold Home Health Care Brochure
ManhattanLife,Home Health Care Enhanced,HHC,brochure,client,SC,,HHCE-BR,0326,SC/Home Health Care Enhanced,HHCE-BR_0326 (SC Home Health Care Enhanced - Home Health Care Enhanced Brochure).pdf,,,from agent portal 2026-09-28: Home Health Care Enhanced Brochure
ManhattanLife,Home Health Care Enhanced,HHC,brochure,client,SC,,HHCE-SPBR,0326,SC/Home Health Care Enhanced,HHCE-SPBR_0326 (SC Home Health Care Enhanced - Spanish Home Health Care Enhanced Brochure).pdf,,,from agent portal 2026-09-28: Spanish Home Health Care Enhanced Brochure
ManhattanLife,Cancer Heart Attack and Stroke,CHAS,brochure,client,SC,,CHAS-BRSP,0525,SC/Cancer Heart Attack and Stroke,"CHAS-BRSP_0525 (SC Cancer Heart Attack and Stroke - Spanish Cancer, Heart & Stroke Brochure).pdf",,,"from agent portal 2026-09-28: Spanish Cancer, Heart & Stroke Brochure"
ManhattanLife,Cancer Heart Attack and Stroke,CHAS,brochure,client,SC,,CHAS-BR,0525,SC/Cancer Heart Attack and Stroke,"CHAS-BR_0525 (SC Cancer Heart Attack and Stroke - Cancer, Heart & Stroke Brochure).pdf",,,"from agent portal 2026-09-28: Cancer, Heart & Stroke Brochure"
ManhattanLife,Short Term Care (OmniFlex),STC,brochure,client,SC,,STC-BRF,0825,SC/Short Term Care (OmniFlex),STC-BRF_0825 (SC Short Term Care (OmniFlex) - Folded Short Term Care Brochure).pdf,,,from agent portal 2026-09-28: Folded Short Term Care Brochure
ManhattanLife,Short Term Care (OmniFlex),STC,brochure,client,SC,,STC-BR,0525,SC/Short Term Care (OmniFlex),STC-BR_0525 (SC Short Term Care (OmniFlex) - Omni-Flex Short Term Care Brochure).pdf,,,from agent portal 2026-09-28: Omni-Flex Short Term Care Brochure
ManhattanLife,Hospital Indemnity Select,HIS,brochure,client,SC,,HIS-BRSP,0126,SC/Hospital Indemnity Select,HIS-BRSP_0126 (SC Hospital Indemnity Select - Spanish Hospital Indemnity Select Brochure).pdf,,,from agent portal 2026-09-28: Spanish Hospital Indemnity Select Brochure
ManhattanLife,Hospital Indemnity Select,HIS,brochure,client,SC,,HIS-BR,0126,SC/Hospital Indemnity Select,HIS-BR_0126 (SC Hospital Indemnity Select - Hospital Indemnity Select Brochure).pdf,,,from agent portal 2026-09-28: Hospital Indemnity Select Brochure
ManhattanLife,Cancer Care Plus,CCP,brochure,client,SD,,CCP-SD-BR,0420,SD/Cancer Care Plus,CCP-SD-BR_0420 (SD Cancer Care Plus - Cancer Care Plus Brochure).pdf,,,from agent portal 2026-09-28: Cancer Care Plus Brochure
ManhattanLife,Critical Protection and Recovery,CPR,brochure,client,SD,,CPR-ILMDPASD-BR,0520,SD/Critical Protection and Recovery,CPR-ILMDPASD-BR_0520 (SD Critical Protection and Recovery - Critical Protection and Recovery Brochure).pdf,,,from agent portal 2026-09-28: Critical Protection and Recovery Brochure
ManhattanLife,Critical Protection and Recovery,CPR,brochure,client,SD,,CPRC-ILMDPASD-BR,0520,SD/Critical Protection and Recovery,CPRC-ILMDPASD-BR_0520 (SD Critical Protection and Recovery - Critical Protection and Recovery with Cancer Brochure).pdf,,,from agent portal 2026-09-28: Critical Protection and Recovery with Cancer Brochure
ManhattanLife,24-Hour Accident,EAEP,brochure,client,SD,,EAEP-SD-BR,0622,SD/24-Hour Accident,EAEP-SD-BR_0622 (SD 24-Hour Accident - 24 Hour Accident Brochure).pdf,,,from agent portal 2026-09-28: 24 Hour Accident Brochure
ManhattanLife,Accident Insurance (PAID Enhanced),PAID,brochure,client,SD,,PAIDEH-KYSD-BR,0524,SD/Accident Insurance (PAID Enhanced),PAIDEH-KYSD-BR_0524 (SD Accident Insurance (PAID Enhanced) - PAID Enhanced Brochure).pdf,,,from agent portal 2026-09-28: PAID Enhanced Brochure
ManhattanLife,Dental Vision Hearing (7016),DVH7016,brochure,client,SD,,DVH7016-KSMTSDWY-BR0823,,SD/Dental Vision Hearing (7016),"DVH7016-KSMTSDWY-BR0823 (SD Dental Vision Hearing (7016) - Dental, Vision & Hearing 7016 Brochure).pdf",,,"from agent portal 2026-09-28: Dental, Vision & Hearing 7016 Brochure"
ManhattanLife,Dental Vision Hearing (7016),DVH7016,brochure,client,SD,,DVH7016-KSMTSDWY-BRF0823,,SD/Dental Vision Hearing (7016),DVH7016-KSMTSDWY-BRF0823 (SD Dental Vision Hearing (7016) - Folded DVH7016 Brochure).pdf,,,from agent portal 2026-09-28: Folded DVH7016 Brochure
ManhattanLife,Dental Vision Hearing (7016),DVH7016,brochure,client,SD,,DVH7016KSMTSDWY-BRFSP0823,,SD/Dental Vision Hearing (7016),DVH7016KSMTSDWY-BRFSP0823 (SD Dental Vision Hearing (7016) - Spanish Folded DVH7016 Brochure).pdf,,,from agent portal 2026-09-28: Spanish Folded DVH7016 Brochure
ManhattanLife,Dental Vision Hearing (7016),DVH7016,brochure,client,SD,,DVH7016KSMTSDWY-BRSP0823,,SD/Dental Vision Hearing (7016),DVH7016KSMTSDWY-BRSP0823 (SD Dental Vision Hearing (7016) - Spanish DVH7016 Brochure).pdf,,,from agent portal 2026-09-28: Spanish DVH7016 Brochure
ManhattanLife,Out-of-Pocket Protection (Gap),GAP,brochure,client,SD,,GAP15-BRSP,0320,SD/Out-of-Pocket Protection (Gap),GAP15-BRSP_0320 (SD Out-of-Pocket Protection (Gap) - Spanish Out-of-Pocket Brochure).pdf,,,from agent portal 2026-09-28: Spanish Out-of-Pocket Brochure
ManhattanLife,Out-of-Pocket Protection (Gap),GAP,brochure,client,SD,,GAP15-BR,0320,SD/Out-of-Pocket Protection (Gap),GAP15-BR_0320 (SD Out-of-Pocket Protection (Gap) - Out-of-Pocket Brochure).pdf,,,from agent portal 2026-09-28: Out-of-Pocket Brochure
ManhattanLife,Affordable Choice,AFC,brochure,client,SD,,AFC7010-SDBRSP,1025,SD/Affordable Choice,AFC7010-SDBRSP_1025 (SD Affordable Choice - Spanish AFC with Specified Disease Brochure).pdf,,,from agent portal 2026-09-28: Spanish AFC with Specified Disease Brochure
ManhattanLife,Affordable Choice,AFC,brochure,client,SD,,AFC7010-SDBR,1025,SD/Affordable Choice,AFC7010-SDBR_1025 (SD Affordable Choice - Affordable Choice Enhanced with Specified Disease Brochure).pdf,,,from agent portal 2026-09-28: Affordable Choice Enhanced with Specified Disease Brochure
ManhattanLife,Dental Vision Hearing Select,DVHS,brochure,client,SD,,DVHS-BRSP,0223,SD/Dental Vision Hearing Select,DVHS-BRSP_0223 (SD Dental Vision Hearing Select - Spanish DVH Select Brochure).pdf,,,from agent portal 2026-09-28: Spanish DVH Select Brochure
ManhattanLife,Dental Vision Hearing Select,DVHS,brochure,client,SD,,DVHS-BR,0223,SD/Dental Vision Hearing Select,"DVHS-BR_0223 (SD Dental Vision Hearing Select - Dental, Hearing & Vision Select Brochure).pdf",,,"from agent portal 2026-09-28: Dental, Hearing & Vision Select Brochure"
ManhattanLife,Home Health Care Enhanced,HHC,brochure,client,SD,,HHCE-BRF,0726,SD/Home Health Care Enhanced,HHCE-BRF_0726 (SD Home Health Care Enhanced - Trifold Home Health Care Brochure).pdf,,,from agent portal 2026-09-28: Trifold Home Health Care Brochure
ManhattanLife,Home Health Care Enhanced,HHC,brochure,client,SD,,HHCE-BR,0326,SD/Home Health Care Enhanced,HHCE-BR_0326 (SD Home Health Care Enhanced - Home Health Care Enhanced Brochure).pdf,,,from agent portal 2026-09-28: Home Health Care Enhanced Brochure
ManhattanLife,Home Health Care Enhanced,HHC,brochure,client,SD,,HHCE-SPBR,0326,SD/Home Health Care Enhanced,HHCE-SPBR_0326 (SD Home Health Care Enhanced - Spanish Home Health Care Enhanced Brochure).pdf,,,from agent portal 2026-09-28: Spanish Home Health Care Enhanced Brochure
ManhattanLife,Short Term Care (OmniFlex),STC,brochure,client,SD,,STC-BRF,0825,SD/Short Term Care (OmniFlex),STC-BRF_0825 (SD Short Term Care (OmniFlex) - Folded Short Term Care Brochure).pdf,,,from agent portal 2026-09-28: Folded Short Term Care Brochure
ManhattanLife,Short Term Care (OmniFlex),STC,brochure,client,SD,,STC-BR,0525,SD/Short Term Care (OmniFlex),STC-BR_0525 (SD Short Term Care (OmniFlex) - Omni-Flex Short Term Care Brochure).pdf,,,from agent portal 2026-09-28: Omni-Flex Short Term Care Brochure
ManhattanLife,Hospital Indemnity Select,HIS,brochure,client,SD,,HIS-BRSP,0126,SD/Hospital Indemnity Select,HIS-BRSP_0126 (SD Hospital Indemnity Select - Spanish Hospital Indemnity Select Brochure).pdf,,,from agent portal 2026-09-28: Spanish Hospital Indemnity Select Brochure
ManhattanLife,Hospital Indemnity Select,HIS,brochure,client,SD,,HIS-BR,0126,SD/Hospital Indemnity Select,HIS-BR_0126 (SD Hospital Indemnity Select - Hospital Indemnity Select Brochure).pdf,,,from agent portal 2026-09-28: Hospital Indemnity Select Brochure
ManhattanLife,Cancer Care Plus,CCP,brochure,client,TN,,CCP-KSNDTN-BR,0420,TN/Cancer Care Plus,CCP-KSNDTN-BR_0420 (TN Cancer Care Plus - Cancer Care Plus Brochure).pdf,,,from agent portal 2026-09-28: Cancer Care Plus Brochure
ManhattanLife,Critical Protection and Recovery,CPR,brochure,client,TN,,CPR-BR,0520,TN/Critical Protection and Recovery,CPR-BR_0520 (TN Critical Protection and Recovery - Critical Protection & Recovery Brochure).pdf,,,from agent portal 2026-09-28: Critical Protection & Recovery Brochure
ManhattanLife,Critical Protection and Recovery,CPR,brochure,client,TN,,CPRC-BR,0520,TN/Critical Protection and Recovery,CPRC-BR_0520 (TN Critical Protection and Recovery - Critical Protection & Recovery with Cancer).pdf,,,from agent portal 2026-09-28: Critical Protection & Recovery with Cancer
ManhattanLife,24-Hour Accident,EAEP,brochure,client,TN,,EAEP-BR,0622,TN/24-Hour Accident,EAEP-BR_0622 (TN 24-Hour Accident - 24 Hour Accident Brochure).pdf,,,from agent portal 2026-09-28: 24 Hour Accident Brochure
ManhattanLife,24-Hour Accident,EAEP,brochure,client,TN,,EAEP-SPBR,0622,TN/24-Hour Accident,EAEP-SPBR_0622 (TN 24-Hour Accident - Spanish 24 Hour Accident Brochure).pdf,,,from agent portal 2026-09-28: Spanish 24 Hour Accident Brochure
ManhattanLife,Accident Insurance (PAID Enhanced),PAID,brochure,client,TN,,PAIDEH-BRSP,0524,TN/Accident Insurance (PAID Enhanced),PAIDEH-BRSP_0524 (TN Accident Insurance (PAID Enhanced) - Spanish PAID Enhanced Brochure).pdf,,,from agent portal 2026-09-28: Spanish PAID Enhanced Brochure
ManhattanLife,Accident Insurance (PAID Enhanced),PAID,brochure,client,TN,,PAIDEH-BR,0524,TN/Accident Insurance (PAID Enhanced),PAIDEH-BR_0524 (TN Accident Insurance (PAID Enhanced) - PAID Enhanced Brochure).pdf,,,from agent portal 2026-09-28: PAID Enhanced Brochure
ManhattanLife,Dental Vision Hearing (7016),DVH7016,brochure,client,TN,,DVH7016-BRFSP,0425,TN/Dental Vision Hearing (7016),DVH7016-BRFSP_0425 (TN Dental Vision Hearing (7016) - Spanish Folded DVH7016 Brochure).pdf,,,from agent portal 2026-09-28: Spanish Folded DVH7016 Brochure
ManhattanLife,Dental Vision Hearing (7016),DVH7016,brochure,client,TN,,DVH7016-BRF,0425,TN/Dental Vision Hearing (7016),DVH7016-BRF_0425 (TN Dental Vision Hearing (7016) - Folded DVH7016 Brochure).pdf,,,from agent portal 2026-09-28: Folded DVH7016 Brochure
ManhattanLife,Dental Vision Hearing (7016),DVH7016,brochure,client,TN,,DVH7016-BRSP,0425,TN/Dental Vision Hearing (7016),DVH7016-BRSP_0425 (TN Dental Vision Hearing (7016) - Spanish DVH7016 Brochure).pdf,,,from agent portal 2026-09-28: Spanish DVH7016 Brochure
ManhattanLife,Dental Vision Hearing (7016),DVH7016,brochure,client,TN,,DVH7016-BR,0425,TN/Dental Vision Hearing (7016),"DVH7016-BR_0425 (TN Dental Vision Hearing (7016) - Dental, Vision and Hearing 7016 Brochure).pdf",,,"from agent portal 2026-09-28: Dental, Vision and Hearing 7016 Brochure"
ManhattanLife,Out-of-Pocket Protection (Gap),GAP,brochure,client,TN,,GAP15-BRSP,0320,TN/Out-of-Pocket Protection (Gap),GAP15-BRSP_0320 (TN Out-of-Pocket Protection (Gap) - Spanish Out-of-Pocket Brochure).pdf,,,from agent portal 2026-09-28: Spanish Out-of-Pocket Brochure
ManhattanLife,Out-of-Pocket Protection (Gap),GAP,brochure,client,TN,,GAP15-BR,0320,TN/Out-of-Pocket Protection (Gap),GAP15-BR_0320 (TN Out-of-Pocket Protection (Gap) - Out-of-Pocket Brochure).pdf,,,from agent portal 2026-09-28: Out-of-Pocket Brochure
ManhattanLife,Affordable Choice,AFC,brochure,client,TN,,AFC7010-BRSP,1025,TN/Affordable Choice,AFC7010-BRSP_1025 (TN Affordable Choice - Spanish AFC with Specified Disease Brochure).pdf,,,from agent portal 2026-09-28: Spanish AFC with Specified Disease Brochure
ManhattanLife,Affordable Choice,AFC,brochure,client,TN,,AFC7010-BR,1025,TN/Affordable Choice,AFC7010-BR_1025 (TN Affordable Choice - Affordable Choice Enhanced with Specified Disease Brochure).pdf,,,from agent portal 2026-09-28: Affordable Choice Enhanced with Specified Disease Brochure
ManhattanLife,Dental Vision Hearing Select,DVHS,brochure,client,TN,,DVHS-BRSP,0425,TN/Dental Vision Hearing Select,DVHS-BRSP_0425 (TN Dental Vision Hearing Select - Spanish DVH Select Brochure).pdf,,,from agent portal 2026-09-28: Spanish DVH Select Brochure
ManhattanLife,Dental Vision Hearing Select,DVHS,brochure,client,TN,,DVHS-BR,0926,TN/Dental Vision Hearing Select,"DVHS-BR_0926 (TN Dental Vision Hearing Select - Dental, Vision and Hearing Select).pdf",,,"from agent portal 2026-09-28: Dental, Vision and Hearing Select"
ManhattanLife,Home Health Care Enhanced,HHC,brochure,client,TN,,HHCE-BRF,0726,TN/Home Health Care Enhanced,HHCE-BRF_0726 (TN Home Health Care Enhanced - Trifold Home Health Care Brochure).pdf,,,from agent portal 2026-09-28: Trifold Home Health Care Brochure
ManhattanLife,Home Health Care Enhanced,HHC,brochure,client,TN,,HHCE-BR,0326,TN/Home Health Care Enhanced,HHCE-BR_0326 (TN Home Health Care Enhanced - Home Health Care Enhanced Brochure).pdf,,,from agent portal 2026-09-28: Home Health Care Enhanced Brochure
ManhattanLife,Home Health Care Enhanced,HHC,brochure,client,TN,,HHCE-SPBR,0326,TN/Home Health Care Enhanced,HHCE-SPBR_0326 (TN Home Health Care Enhanced - Spanish Home Health Care Enhanced Brochure).pdf,,,from agent portal 2026-09-28: Spanish Home Health Care Enhanced Brochure
ManhattanLife,Cancer Heart Attack and Stroke,CHAS,brochure,client,TN,,CHAS-BRSP,0525,TN/Cancer Heart Attack and Stroke,"CHAS-BRSP_0525 (TN Cancer Heart Attack and Stroke - Spanish Cancer, Heart & Stroke Brochure).pdf",,,"from agent portal 2026-09-28: Spanish Cancer, Heart & Stroke Brochure"
ManhattanLife,Cancer Heart Attack and Stroke,CHAS,brochure,client,TN,,CHAS-BR,0525,TN/Cancer Heart Attack and Stroke,"CHAS-BR_0525 (TN Cancer Heart Attack and Stroke - Cancer, Heart & Stroke Brochure).pdf",,,"from agent portal 2026-09-28: Cancer, Heart & Stroke Brochure"
ManhattanLife,Short Term Care (OmniFlex),STC,brochure,client,TN,,STC-BRF,0825,TN/Short Term Care (OmniFlex),STC-BRF_0825 (TN Short Term Care (OmniFlex) - Folded Short Term Care Brochure).pdf,,,from agent portal 2026-09-28: Folded Short Term Care Brochure
ManhattanLife,Short Term Care (OmniFlex),STC,brochure,client,TN,,STC-BR,0525,TN/Short Term Care (OmniFlex),STC-BR_0525 (TN Short Term Care (OmniFlex) - Omni-Flex Short Term Care Brochure).pdf,,,from agent portal 2026-09-28: Omni-Flex Short Term Care Brochure
ManhattanLife,Hospital Indemnity Select,HIS,brochure,client,TN,,HIS-BRSP,0126,TN/Hospital Indemnity Select,HIS-BRSP_0126 (TN Hospital Indemnity Select - Spanish Hospital Indemnity Select Brochure).pdf,,,from agent portal 2026-09-28: Spanish Hospital Indemnity Select Brochure
ManhattanLife,Hospital Indemnity Select,HIS,brochure,client,TN,,HIS-BR,0126,TN/Hospital Indemnity Select,HIS-BR_0126 (TN Hospital Indemnity Select - Hospital Indemnity Select Brochure).pdf,,,from agent portal 2026-09-28: Hospital Indemnity Select Brochure
ManhattanLife,Cancer Care Plus,CCP,brochure,client,TX,,CCP-BRSP,0420,TX/Cancer Care Plus,CCP-BRSP_0420 (TX Cancer Care Plus - Spanish Cancer Care Plus Brochure).pdf,,,from agent portal 2026-09-28: Spanish Cancer Care Plus Brochure
ManhattanLife,Cancer Care Plus,CCP,brochure,client,TX,,CCP-BR,0420,TX/Cancer Care Plus,CCP-BR_0420 (TX Cancer Care Plus - Cancer Care Plus Brochure).pdf,,,from agent portal 2026-09-28: Cancer Care Plus Brochure
ManhattanLife,Critical Protection and Recovery,CPR,brochure,client,TX,,CPR-BR,0520,TX/Critical Protection and Recovery,CPR-BR_0520 (TX Critical Protection and Recovery - Critical Protection & Recovery Brochure).pdf,,,from agent portal 2026-09-28: Critical Protection & Recovery Brochure
ManhattanLife,Critical Protection and Recovery,CPR,brochure,client,TX,,CPRC-BR,0520,TX/Critical Protection and Recovery,CPRC-BR_0520 (TX Critical Protection and Recovery - Critical Protection & Recovery with Cancer).pdf,,,from agent portal 2026-09-28: Critical Protection & Recovery with Cancer
ManhattanLife,24-Hour Accident,EAEP,brochure,client,TX,,EAEP-BR,0622,TX/24-Hour Accident,EAEP-BR_0622 (TX 24-Hour Accident - 24 Hour Accident Brochure).pdf,,,from agent portal 2026-09-28: 24 Hour Accident Brochure
ManhattanLife,24-Hour Accident,EAEP,brochure,client,TX,,EAEP-SPBR,0622,TX/24-Hour Accident,EAEP-SPBR_0622 (TX 24-Hour Accident - Spanish 24 Hour Accident Brochure).pdf,,,from agent portal 2026-09-28: Spanish 24 Hour Accident Brochure
ManhattanLife,Accident Insurance (PAID Enhanced),PAID,brochure,client,TX,,PAIDEH-BRSP,0524,TX/Accident Insurance (PAID Enhanced),PAIDEH-BRSP_0524 (TX Accident Insurance (PAID Enhanced) - Spanish PAID Enhanced Brochure).pdf,,,from agent portal 2026-09-28: Spanish PAID Enhanced Brochure
ManhattanLife,Accident Insurance (PAID Enhanced),PAID,brochure,client,TX,,PAIDEH-BR,0524,TX/Accident Insurance (PAID Enhanced),PAIDEH-BR_0524 (TX Accident Insurance (PAID Enhanced) - PAID Enhanced Brochure).pdf,,,from agent portal 2026-09-28: PAID Enhanced Brochure
ManhattanLife,Dental Vision Hearing (7016),DVH7016,brochure,client,TX,,DVH7016-BRFSP,0425,TX/Dental Vision Hearing (7016),DVH7016-BRFSP_0425 (TX Dental Vision Hearing (7016) - Spanish Folded DVH7016 Brochure).pdf,,,from agent portal 2026-09-28: Spanish Folded DVH7016 Brochure
ManhattanLife,Dental Vision Hearing (7016),DVH7016,brochure,client,TX,,DVH7016-BRF,0425,TX/Dental Vision Hearing (7016),DVH7016-BRF_0425 (TX Dental Vision Hearing (7016) - Folded DVH7016 Brochure).pdf,,,from agent portal 2026-09-28: Folded DVH7016 Brochure
ManhattanLife,Dental Vision Hearing (7016),DVH7016,brochure,client,TX,,DVH7016-BRSP,0425,TX/Dental Vision Hearing (7016),DVH7016-BRSP_0425 (TX Dental Vision Hearing (7016) - Spanish DVH7016 Brochure).pdf,,,from agent portal 2026-09-28: Spanish DVH7016 Brochure
ManhattanLife,Dental Vision Hearing (7016),DVH7016,brochure,client,TX,,DVH7016-BR,0425,TX/Dental Vision Hearing (7016),"DVH7016-BR_0425 (TX Dental Vision Hearing (7016) - Dental, Vision and Hearing 7016 Brochure).pdf",,,"from agent portal 2026-09-28: Dental, Vision and Hearing 7016 Brochure"
ManhattanLife,Out-of-Pocket Protection (Gap),GAP,rates,agent,TX,,GAP-TX_RATES,0523,_rates/Out-of-Pocket Protection (Gap),GAP-TX_RATES_0523 (TX Out-of-Pocket Protection (Gap) - Out-of-Pocket Monthly Rates).pdf,,,from agent portal 2026-09-28: Out-of-Pocket Monthly Rates
ManhattanLife,Out-of-Pocket Protection (Gap),GAP,brochure,client,TX,,GAP15-BRSP,0320,TX/Out-of-Pocket Protection (Gap),GAP15-BRSP_0320 (TX Out-of-Pocket Protection (Gap) - Spanish Out-of-Pocket Brochure).pdf,,,from agent portal 2026-09-28: Spanish Out-of-Pocket Brochure
ManhattanLife,Out-of-Pocket Protection (Gap),GAP,brochure,client,TX,,GAP15-BR,0320,TX/Out-of-Pocket Protection (Gap),GAP15-BR_0320 (TX Out-of-Pocket Protection (Gap) - Out-of-Pocket Brochure).pdf,,,from agent portal 2026-09-28: Out-of-Pocket Brochure
ManhattanLife,Affordable Choice,AFC,brochure,client,TX,,AFC7010-BRSP,0424,TX/Affordable Choice,AFC7010-BRSP_0424 (TX Affordable Choice - Spanish Affordable Choice 7010 Brochure).pdf,,,from agent portal 2026-09-28: Spanish Affordable Choice 7010 Brochure
ManhattanLife,Affordable Choice,AFC,brochure,client,TX,,AFC7010-BR,0424,TX/Affordable Choice,AFC7010-BR_0424 (TX Affordable Choice - Affordable Choice 7010 Brochure).pdf,,,from agent portal 2026-09-28: Affordable Choice 7010 Brochure
ManhattanLife,Dental Vision Hearing Select,DVHS,brochure,client,TX,,DVHS-CAKSTXBRSP,1225,TX/Dental Vision Hearing Select,"DVHS-CAKSTXBRSP_1225 (TX Dental Vision Hearing Select - Spanish Dental, Vision & Hearing Brochure).pdf",,,"from agent portal 2026-09-28: Spanish Dental, Vision & Hearing Brochure"
ManhattanLife,Dental Vision Hearing Select,DVHS,brochure,client,TX,,DVHS-CAKSTXBR,1225,TX/Dental Vision Hearing Select,"DVHS-CAKSTXBR_1225 (TX Dental Vision Hearing Select - Dental, Vision & Hearing Select Brochure).pdf",,,"from agent portal 2026-09-28: Dental, Vision & Hearing Select Brochure"
ManhattanLife,Home Health Care Enhanced,HHC,brochure,client,TX,,HHCE-BRF,0726,TX/Home Health Care Enhanced,HHCE-BRF_0726 (TX Home Health Care Enhanced - Trifold Home Health Care Brochure).pdf,,,from agent portal 2026-09-28: Trifold Home Health Care Brochure
ManhattanLife,Home Health Care Enhanced,HHC,brochure,client,TX,,HHCE-BR,0326,TX/Home Health Care Enhanced,HHCE-BR_0326 (TX Home Health Care Enhanced - Home Health Care Enhanced Brochure).pdf,,,from agent portal 2026-09-28: Home Health Care Enhanced Brochure
ManhattanLife,Home Health Care Enhanced,HHC,brochure,client,TX,,HHCE-SPBR,0326,TX/Home Health Care Enhanced,HHCE-SPBR_0326 (TX Home Health Care Enhanced - Spanish Home Health Care Enhanced Brochure).pdf,,,from agent portal 2026-09-28: Spanish Home Health Care Enhanced Brochure
ManhattanLife,Cancer Heart Attack and Stroke,CHAS,brochure,client,TX,,CHAS-BRSP,0525,TX/Cancer Heart Attack and Stroke,"CHAS-BRSP_0525 (TX Cancer Heart Attack and Stroke - Spanish Cancer, Heart & Stroke Brochure).pdf",,,"from agent portal 2026-09-28: Spanish Cancer, Heart & Stroke Brochure"
ManhattanLife,Cancer Heart Attack and Stroke,CHAS,brochure,client,TX,,CHAS-BR,0525,TX/Cancer Heart Attack and Stroke,"CHAS-BR_0525 (TX Cancer Heart Attack and Stroke - Cancer, Heart & Stroke Brochure).pdf",,,"from agent portal 2026-09-28: Cancer, Heart & Stroke Brochure"
ManhattanLife,Short Term Care (OmniFlex),STC,brochure,client,TX,,STC-BRF,0825,TX/Short Term Care (OmniFlex),STC-BRF_0825 (TX Short Term Care (OmniFlex) - Folded Short Term Care Brochure).pdf,,,from agent portal 2026-09-28: Folded Short Term Care Brochure
ManhattanLife,Short Term Care (OmniFlex),STC,brochure,client,TX,,STC-BR,0525,TX/Short Term Care (OmniFlex),STC-BR_0525 (TX Short Term Care (OmniFlex) - Omni-Flex Short Term Care Brochure).pdf,,,from agent portal 2026-09-28: Omni-Flex Short Term Care Brochure
ManhattanLife,Hospital Indemnity Select,HIS,brochure,client,TX,,HIS-IAPATXUTBR,0126,TX/Hospital Indemnity Select,HIS-IAPATXUTBR_0126 (TX Hospital Indemnity Select - Hospital Indemnity Select Brochure).pdf,,,from agent portal 2026-09-28: Hospital Indemnity Select Brochure
ManhattanLife,Cancer Care Plus,CCP,brochure,client,UT,,CCP-UT-BR,0420,UT/Cancer Care Plus,CCP-UT-BR_0420 (UT Cancer Care Plus - Cancer Care Plus Brochure).pdf,,,from agent portal 2026-09-28: Cancer Care Plus Brochure
ManhattanLife,Cancer Care Plus,CCP,agent-guide,agent,UT,,CP4000-AGT,1211-UT,_agent-guides/Cancer Care Plus,CP4000-AGT_1211-UT (UT Cancer Care Plus - CP4000 Limited Cancer and Dread Disease Agent Guide - AGENT ONLY).pdf,,,from agent portal 2026-09-28: CP4000 Limited Cancer and Dread Disease Agent Guide
ManhattanLife,Critical Protection and Recovery,CPR,brochure,client,UT,,CPR-BR,0520,UT/Critical Protection and Recovery,CPR-BR_0520 (UT Critical Protection and Recovery - Critical Protection & Recovery Brochure).pdf,,,from agent portal 2026-09-28: Critical Protection & Recovery Brochure
ManhattanLife,Critical Protection and Recovery,CPR,brochure,client,UT,,CPRC-BR,0520,UT/Critical Protection and Recovery,CPRC-BR_0520 (UT Critical Protection and Recovery - Critical Protection & Recovery with Cancer).pdf,,,from agent portal 2026-09-28: Critical Protection & Recovery with Cancer
ManhattanLife,24-Hour Accident,EAEP,brochure,client,UT,,EAEP-KYOHPASCUTWI-BR,0224,UT/24-Hour Accident,EAEP-KYOHPASCUTWI-BR_0224 (UT 24-Hour Accident - 24 Hour Accident Brochure).pdf,,,from agent portal 2026-09-28: 24 Hour Accident Brochure
ManhattanLife,Accident Insurance (PAID Enhanced),PAID,brochure,client,UT,,PAIDEH-UTBRSP,1025,UT/Accident Insurance (PAID Enhanced),PAIDEH-UTBRSP_1025 (UT Accident Insurance (PAID Enhanced) - Spanish PAID Enhanced Brochure).pdf,,,from agent portal 2026-09-28: Spanish PAID Enhanced Brochure
ManhattanLife,Accident Insurance (PAID Enhanced),PAID,brochure,client,UT,,PAIDEH-UTBR,1025,UT/Accident Insurance (PAID Enhanced),PAIDEH-UTBR_1025 (UT Accident Insurance (PAID Enhanced) - PAID Enhanced Brochure).pdf,,,from agent portal 2026-09-28: PAID Enhanced Brochure
ManhattanLife,Dental Vision Hearing (7016),DVH7016,brochure,client,UT,,DVH-UT-BRFSP,0123,UT/Dental Vision Hearing (7016),DVH-UT-BRFSP_0123 (UT Dental Vision Hearing (7016) - Spanish Folded DVH Brochure).pdf,,,from agent portal 2026-09-28: Spanish Folded DVH Brochure
ManhattanLife,Dental Vision Hearing (7016),DVH7016,brochure,client,UT,,DVH-UT-BRF,0123,UT/Dental Vision Hearing (7016),"DVH-UT-BRF_0123 (UT Dental Vision Hearing (7016) - Folded Dental, Vision & Hearing Brochure).pdf",,,"from agent portal 2026-09-28: Folded Dental, Vision & Hearing Brochure"
ManhattanLife,Dental Vision Hearing (7016),DVH7016,brochure,client,UT,,DVH-UT-BRSP,0123,UT/Dental Vision Hearing (7016),"DVH-UT-BRSP_0123 (UT Dental Vision Hearing (7016) - Spanish Dental, Vision & Hearing Brochure).pdf",,,"from agent portal 2026-09-28: Spanish Dental, Vision & Hearing Brochure"
ManhattanLife,Dental Vision Hearing (7016),DVH7016,brochure,client,UT,,DVH-UT-BR,0123,UT/Dental Vision Hearing (7016),"DVH-UT-BR_0123 (UT Dental Vision Hearing (7016) - Dental, Vision & Hearing Brochure).pdf",,,"from agent portal 2026-09-28: Dental, Vision & Hearing Brochure"
ManhattanLife,Affordable Choice,AFC,brochure,client,UT,,AFC7010-BRSP,0424,UT/Affordable Choice,AFC7010-BRSP_0424 (UT Affordable Choice - Spanish Affordable Choice 7010 Brochure).pdf,,,from agent portal 2026-09-28: Spanish Affordable Choice 7010 Brochure
ManhattanLife,Affordable Choice,AFC,brochure,client,UT,,AFC7010-BR,0424,UT/Affordable Choice,AFC7010-BR_0424 (UT Affordable Choice - Affordable Choice 7010 Brochure).pdf,,,from agent portal 2026-09-28: Affordable Choice 7010 Brochure
ManhattanLife,Dental Vision Hearing Select,DVHS,brochure,client,UT,,DVHS-BRSP,0223,UT/Dental Vision Hearing Select,DVHS-BRSP_0223 (UT Dental Vision Hearing Select - Spanish DVH Select Brochure).pdf,,,from agent portal 2026-09-28: Spanish DVH Select Brochure
ManhattanLife,Dental Vision Hearing Select,DVHS,brochure,client,UT,,DVHS-BR,0223,UT/Dental Vision Hearing Select,"DVHS-BR_0223 (UT Dental Vision Hearing Select - Dental, Hearing & Vision Select Brochure).pdf",,,"from agent portal 2026-09-28: Dental, Hearing & Vision Select Brochure"
ManhattanLife,Cancer Heart Attack and Stroke,CHAS,brochure,client,UT,,CHAS-BRSP,0525,UT/Cancer Heart Attack and Stroke,"CHAS-BRSP_0525 (UT Cancer Heart Attack and Stroke - Spanish Cancer, Heart & Stroke Brochure).pdf",,,"from agent portal 2026-09-28: Spanish Cancer, Heart & Stroke Brochure"
ManhattanLife,Cancer Heart Attack and Stroke,CHAS,brochure,client,UT,,CHAS-BR,0525,UT/Cancer Heart Attack and Stroke,"CHAS-BR_0525 (UT Cancer Heart Attack and Stroke - Cancer, Heart & Stroke Brochure).pdf",,,"from agent portal 2026-09-28: Cancer, Heart & Stroke Brochure"
ManhattanLife,Hospital Indemnity Select,HIS,brochure,client,UT,,HIS-IAPATXUTBR,0126,UT/Hospital Indemnity Select,HIS-IAPATXUTBR_0126 (UT Hospital Indemnity Select - Hospital Indemnity Select Brochure).pdf,,,from agent portal 2026-09-28: Hospital Indemnity Select Brochure
ManhattanLife,Cancer Care Plus,CCP,brochure,client,VA,,CCP-VA-BR,0420,VA/Cancer Care Plus,CCP-VA-BR_0420 (VA Cancer Care Plus - Cancer Care Plus Brochure).pdf,,,from agent portal 2026-09-28: Cancer Care Plus Brochure
ManhattanLife,Cancer Care Plus,CCP,agent-guide,agent,VA,,CP4000-AGT-0510-VA-ED-810,,_agent-guides/Cancer Care Plus,CP4000-AGT-0510-VA-ED-810 (VA Cancer Care Plus - CP4000 Limited Cancer and Dread Disease Agent Guide - AGENT ONLY).pdf,,,from agent portal 2026-09-28: CP4000 Limited Cancer and Dread Disease Agent Guide
ManhattanLife,Critical Protection and Recovery,CPR,brochure,client,VA,,CPR-VA-BR,0520,VA/Critical Protection and Recovery,CPR-VA-BR_0520 (VA Critical Protection and Recovery - Critical Protection and Recovery Brochure).pdf,,,from agent portal 2026-09-28: Critical Protection and Recovery Brochure
ManhattanLife,24-Hour Accident,EAEP,brochure,client,VA,,EAEP-VA-BR,0425,VA/24-Hour Accident,EAEP-VA-BR_0425 (VA 24-Hour Accident - 24 Hour Accident Brochure).pdf,,,from agent portal 2026-09-28: 24 Hour Accident Brochure
ManhattanLife,Accident Insurance (PAID Enhanced),PAID,brochure,client,VA,,PAIDEH-VABR,0726,VA/Accident Insurance (PAID Enhanced),PAIDEH-VABR_0726 (VA Accident Insurance (PAID Enhanced) - PAID Enhanced Brochure).pdf,,,from agent portal 2026-09-28: PAID Enhanced Brochure
ManhattanLife,Dental Vision Hearing (7016),DVH7016,brochure,client,VA,,DVH-VABR-SP,1025,VA/Dental Vision Hearing (7016),"DVH-VABR-SP_1025 (VA Dental Vision Hearing (7016) - Spanish Dental, Vision & Hearing Brochure).pdf",,,"from agent portal 2026-09-28: Spanish Dental, Vision & Hearing Brochure"
ManhattanLife,Dental Vision Hearing (7016),DVH7016,brochure,client,VA,,DVH-VABRFSP,1025,VA/Dental Vision Hearing (7016),"DVH-VABRFSP_1025 (VA Dental Vision Hearing (7016) - Spanish Folded Dental, Vision & Hearing Brochure).pdf",,,"from agent portal 2026-09-28: Spanish Folded Dental, Vision & Hearing Brochure"
ManhattanLife,Dental Vision Hearing (7016),DVH7016,brochure,client,VA,,DVH-VABRF,1025,VA/Dental Vision Hearing (7016),"DVH-VABRF_1025 (VA Dental Vision Hearing (7016) - Folded Dental, Vision & Hearing Brochure).pdf",,,"from agent portal 2026-09-28: Folded Dental, Vision & Hearing Brochure"
ManhattanLife,Dental Vision Hearing (7016),DVH7016,brochure,client,VA,,DVH-VABR,1025,VA/Dental Vision Hearing (7016),"DVH-VABR_1025 (VA Dental Vision Hearing (7016) - Dental, Vision & Hearing Brochure).pdf",,,"from agent portal 2026-09-28: Dental, Vision & Hearing Brochure"
ManhattanLife,Affordable Choice,AFC,brochure,client,VA,,AFC7010-VA-BRSP,0424,VA/Affordable Choice,AFC7010-VA-BRSP_0424 (VA Affordable Choice - Spanish Affordable Choice 7010 Brochure).pdf,,,from agent portal 2026-09-28: Spanish Affordable Choice 7010 Brochure
ManhattanLife,Affordable Choice,AFC,brochure,client,VA,,AFC7010-VA-BR,0424,VA/Affordable Choice,AFC7010-VA-BR_0424 (VA Affordable Choice - Affordable Choice 7010 Brochure).pdf,,,from agent portal 2026-09-28: Affordable Choice 7010 Brochure
ManhattanLife,Home Health Care Select,HHCS,brochure,client,VA,,HHCS-BRSP,0623,VA/Home Health Care Select,HHCS-BRSP_0623 (VA Home Health Care Select - Spanish Home Health Care Select Brochure).pdf,,,from agent portal 2026-09-28: Spanish Home Health Care Select Brochure
ManhattanLife,Home Health Care Select,HHCS,brochure,client,VA,,HHCS-BR,0623,VA/Home Health Care Select,HHCS-BR_0623 (VA Home Health Care Select - Home Health Care Select Brochure).pdf,,,from agent portal 2026-09-28: Home Health Care Select Brochure
ManhattanLife,Short Term Care (OmniFlex),STC,brochure,client,VA,,STC-VABR,0825,VA/Short Term Care (OmniFlex),STC-VABR_0825 (VA Short Term Care (OmniFlex) - Omni Flex Short Term Care Brochure).pdf,,,from agent portal 2026-09-28: Omni Flex Short Term Care Brochure
ManhattanLife,Hospital Indemnity Select,HIS,brochure,client,VA,,HIS-BRSP,0126,VA/Hospital Indemnity Select,HIS-BRSP_0126 (VA Hospital Indemnity Select - Spanish Hospital Indemnity Select Brochure).pdf,,,from agent portal 2026-09-28: Spanish Hospital Indemnity Select Brochure
ManhattanLife,Hospital Indemnity Select,HIS,brochure,client,VA,,HIS-BR,0126,VA/Hospital Indemnity Select,HIS-BR_0126 (VA Hospital Indemnity Select - Hospital Indemnity Select Brochure).pdf,,,from agent portal 2026-09-28: Hospital Indemnity Select Brochure
ManhattanLife,Cancer Heart Attack and Stroke,CHAS,brochure,client,VT,,CHAS-BRSP,0525,VT/Cancer Heart Attack and Stroke,"CHAS-BRSP_0525 (VT Cancer Heart Attack and Stroke - Spanish Cancer, Heart & Stroke Brochure).pdf",,,"from agent portal 2026-09-28: Spanish Cancer, Heart & Stroke Brochure"
ManhattanLife,Cancer Heart Attack and Stroke,CHAS,brochure,client,VT,,CHAS-BR,0525,VT/Cancer Heart Attack and Stroke,"CHAS-BR_0525 (VT Cancer Heart Attack and Stroke - Cancer, Heart & Stroke Brochure).pdf",,,"from agent portal 2026-09-28: Cancer, Heart & Stroke Brochure"
ManhattanLife,Cancer Care Plus,CCP,brochure,client,WA,,CCP-WA-BR,0420,WA/Cancer Care Plus,CCP-WA-BR_0420 (WA Cancer Care Plus - Cancer Care Plus Brochure).pdf,,,from agent portal 2026-09-28: Cancer Care Plus Brochure
ManhattanLife,Cancer Care Plus,CCP,agent-guide,agent,WA,,CP4000-AGT-WA1021,,_agent-guides/Cancer Care Plus,CP4000-AGT-WA1021 (WA Cancer Care Plus - CancerCare Plus Agent Guide - AGENT ONLY).pdf,,,from agent portal 2026-09-28: CancerCare Plus Agent Guide
ManhattanLife,Critical Protection and Recovery,CPR,brochure,client,WA,,CPR-BR,0520,WA/Critical Protection and Recovery,CPR-BR_0520 (WA Critical Protection and Recovery - Critical Protection & Recovery Brochure).pdf,,,from agent portal 2026-09-28: Critical Protection & Recovery Brochure
ManhattanLife,Critical Protection and Recovery,CPR,brochure,client,WA,,CPRC-BR,0520,WA/Critical Protection and Recovery,CPRC-BR_0520 (WA Critical Protection and Recovery - Critical Protection & Recovery with Cancer).pdf,,,from agent portal 2026-09-28: Critical Protection & Recovery with Cancer
ManhattanLife,Accident Insurance (PAID Enhanced),PAID,brochure,client,WA,,PAIDEH-BRSP,0524,WA/Accident Insurance (PAID Enhanced),PAIDEH-BRSP_0524 (WA Accident Insurance (PAID Enhanced) - Spanish PAID Enhanced Brochure).pdf,,,from agent portal 2026-09-28: Spanish PAID Enhanced Brochure
ManhattanLife,Accident Insurance (PAID Enhanced),PAID,brochure,client,WA,,PAIDEH-BR,0524,WA/Accident Insurance (PAID Enhanced),PAIDEH-BR_0524 (WA Accident Insurance (PAID Enhanced) - PAID Enhanced Brochure).pdf,,,from agent portal 2026-09-28: PAID Enhanced Brochure
ManhattanLife,Out-of-Pocket Protection (Gap),GAP,rates,agent,WA,,GAP-WA_RATES,0122,_rates/Out-of-Pocket Protection (Gap),GAP-WA_RATES_0122 (WA Out-of-Pocket Protection (Gap) - Out-of-Pocket Rates).pdf,,,from agent portal 2026-09-28: Out-of-Pocket Rates
ManhattanLife,Out-of-Pocket Protection (Gap),GAP,brochure,client,WA,,GAP15-BRSP,0320,WA/Out-of-Pocket Protection (Gap),GAP15-BRSP_0320 (WA Out-of-Pocket Protection (Gap) - Spanish Out-of-Pocket Brochure).pdf,,,from agent portal 2026-09-28: Spanish Out-of-Pocket Brochure
ManhattanLife,Out-of-Pocket Protection (Gap),GAP,brochure,client,WA,,GAP15-BR,0320,WA/Out-of-Pocket Protection (Gap),GAP15-BR_0320 (WA Out-of-Pocket Protection (Gap) - Out-of-Pocket Brochure).pdf,,,from agent portal 2026-09-28: Out-of-Pocket Brochure
ManhattanLife,Cancer Heart Attack and Stroke,CHAS,brochure,client,WA,,CHAS-WABR,0525,WA/Cancer Heart Attack and Stroke,"CHAS-WABR_0525 (WA Cancer Heart Attack and Stroke - Cancer, Heart & Stroke Brochure).pdf",,,"from agent portal 2026-09-28: Cancer, Heart & Stroke Brochure"
ManhattanLife,Cancer Care Plus,CCP,brochure,client,WI,,CCP-BRSP,0420,WI/Cancer Care Plus,CCP-BRSP_0420 (WI Cancer Care Plus - Spanish Cancer Care Plus Brochure).pdf,,,from agent portal 2026-09-28: Spanish Cancer Care Plus Brochure
ManhattanLife,Cancer Care Plus,CCP,brochure,client,WI,,CCP-BR,0420,WI/Cancer Care Plus,CCP-BR_0420 (WI Cancer Care Plus - Cancer Care Plus Brochure).pdf,,,from agent portal 2026-09-28: Cancer Care Plus Brochure
ManhattanLife,Critical Protection and Recovery,CPR,brochure,client,WI,,CPR-BR,0520,WI/Critical Protection and Recovery,CPR-BR_0520 (WI Critical Protection and Recovery - Critical Protection & Recovery Brochure).pdf,,,from agent portal 2026-09-28: Critical Protection & Recovery Brochure
ManhattanLife,Critical Protection and Recovery,CPR,brochure,client,WI,,CPRC-BR,0520,WI/Critical Protection and Recovery,CPRC-BR_0520 (WI Critical Protection and Recovery - Critical Protection & Recovery with Cancer).pdf,,,from agent portal 2026-09-28: Critical Protection & Recovery with Cancer
ManhattanLife,24-Hour Accident,EAEP,brochure,client,WI,,EAEP-KYOHPASCUTWI-BR,0224,WI/24-Hour Accident,EAEP-KYOHPASCUTWI-BR_0224 (WI 24-Hour Accident - 24 Hour Accident Brochure).pdf,,,from agent portal 2026-09-28: 24 Hour Accident Brochure
ManhattanLife,Accident Insurance (PAID Enhanced),PAID,brochure,client,WI,,PAIDEH-BRSP,0524,WI/Accident Insurance (PAID Enhanced),PAIDEH-BRSP_0524 (WI Accident Insurance (PAID Enhanced) - Spanish PAID Enhanced Brochure).pdf,,,from agent portal 2026-09-28: Spanish PAID Enhanced Brochure
ManhattanLife,Accident Insurance (PAID Enhanced),PAID,brochure,client,WI,,PAIDEH-BR,0524,WI/Accident Insurance (PAID Enhanced),PAIDEH-BR_0524 (WI Accident Insurance (PAID Enhanced) - PAID Enhanced Brochure).pdf,,,from agent portal 2026-09-28: PAID Enhanced Brochure
ManhattanLife,Dental Vision Hearing (7016),DVH7016,brochure,client,WI,,DVH7016-WI-BR-0425,,WI/Dental Vision Hearing (7016),"DVH7016-WI-BR-0425 (WI Dental Vision Hearing (7016) - Dental, Vision and Hearing 7016 Brochure).pdf",,,"from agent portal 2026-09-28: Dental, Vision and Hearing 7016 Brochure"
ManhattanLife,Dental Vision Hearing (7016),DVH7016,brochure,client,WI,,DVH7016-WI-BRF-0425,,WI/Dental Vision Hearing (7016),DVH7016-WI-BRF-0425 (WI Dental Vision Hearing (7016) - Folded DVH7016 Brochure).pdf,,,from agent portal 2026-09-28: Folded DVH7016 Brochure
ManhattanLife,Dental Vision Hearing (7016),DVH7016,brochure,client,WI,,DVH7016-WI-BRFSP-0425,,WI/Dental Vision Hearing (7016),DVH7016-WI-BRFSP-0425 (WI Dental Vision Hearing (7016) - Spanish Folded DVH7016 Brochure).pdf,,,from agent portal 2026-09-28: Spanish Folded DVH7016 Brochure
ManhattanLife,Dental Vision Hearing (7016),DVH7016,brochure,client,WI,,DVH7016-WI-BRSP-0425,,WI/Dental Vision Hearing (7016),DVH7016-WI-BRSP-0425 (WI Dental Vision Hearing (7016) - Spanish DVH7016 Brochure).pdf,,,from agent portal 2026-09-28: Spanish DVH7016 Brochure
ManhattanLife,Out-of-Pocket Protection (Gap),GAP,brochure,client,WI,,GAP15-BRSP,0320,WI/Out-of-Pocket Protection (Gap),GAP15-BRSP_0320 (WI Out-of-Pocket Protection (Gap) - Spanish Out-of-Pocket Brochure).pdf,,,from agent portal 2026-09-28: Spanish Out-of-Pocket Brochure
ManhattanLife,Out-of-Pocket Protection (Gap),GAP,brochure,client,WI,,GAP15-BR,0320,WI/Out-of-Pocket Protection (Gap),GAP15-BR_0320 (WI Out-of-Pocket Protection (Gap) - Out-of-Pocket Brochure).pdf,,,from agent portal 2026-09-28: Out-of-Pocket Brochure
ManhattanLife,Affordable Choice,AFC,brochure,client,WI,,AFC7010-BRSP,1025,WI/Affordable Choice,AFC7010-BRSP_1025 (WI Affordable Choice - Spanish AFC with Specified Disease Brochure).pdf,,,from agent portal 2026-09-28: Spanish AFC with Specified Disease Brochure
ManhattanLife,Affordable Choice,AFC,brochure,client,WI,,AFC7010-BR,1025,WI/Affordable Choice,AFC7010-BR_1025 (WI Affordable Choice - Affordable Choice Enhanced with Specified Disease Brochure).pdf,,,from agent portal 2026-09-28: Affordable Choice Enhanced with Specified Disease Brochure
ManhattanLife,Dental Vision Hearing Select,DVHS,brochure,client,WI,,DVHS-BRSP,0425,WI/Dental Vision Hearing Select,DVHS-BRSP_0425 (WI Dental Vision Hearing Select - Spanish DVH Select Brochure).pdf,,,from agent portal 2026-09-28: Spanish DVH Select Brochure
ManhattanLife,Dental Vision Hearing Select,DVHS,brochure,client,WI,,DVHS-BR,0926,WI/Dental Vision Hearing Select,"DVHS-BR_0926 (WI Dental Vision Hearing Select - Dental, Vision and Hearing Select).pdf",,,"from agent portal 2026-09-28: Dental, Vision and Hearing Select"
ManhattanLife,Home Health Care Enhanced,HHC,brochure,client,WI,,HHCE-BRF,0726,WI/Home Health Care Enhanced,HHCE-BRF_0726 (WI Home Health Care Enhanced - Trifold Home Health Care Brochure).pdf,,,from agent portal 2026-09-28: Trifold Home Health Care Brochure
ManhattanLife,Home Health Care Enhanced,HHC,brochure,client,WI,,HHCE-BR,0326,WI/Home Health Care Enhanced,HHCE-BR_0326 (WI Home Health Care Enhanced - Home Health Care Enhanced Brochure).pdf,,,from agent portal 2026-09-28: Home Health Care Enhanced Brochure
ManhattanLife,Home Health Care Enhanced,HHC,brochure,client,WI,,HHCE-SPBR,0326,WI/Home Health Care Enhanced,HHCE-SPBR_0326 (WI Home Health Care Enhanced - Spanish Home Health Care Enhanced Brochure).pdf,,,from agent portal 2026-09-28: Spanish Home Health Care Enhanced Brochure
ManhattanLife,Cancer Heart Attack and Stroke,CHAS,brochure,client,WI,,CHAS-BRSP,0525,WI/Cancer Heart Attack and Stroke,"CHAS-BRSP_0525 (WI Cancer Heart Attack and Stroke - Spanish Cancer, Heart & Stroke Brochure).pdf",,,"from agent portal 2026-09-28: Spanish Cancer, Heart & Stroke Brochure"
ManhattanLife,Cancer Heart Attack and Stroke,CHAS,brochure,client,WI,,CHAS-BR,0525,WI/Cancer Heart Attack and Stroke,"CHAS-BR_0525 (WI Cancer Heart Attack and Stroke - Cancer, Heart & Stroke Brochure).pdf",,,"from agent portal 2026-09-28: Cancer, Heart & Stroke Brochure"
ManhattanLife,Short Term Care (OmniFlex),STC,brochure,client,WI,,STC-BRF,0825,WI/Short Term Care (OmniFlex),STC-BRF_0825 (WI Short Term Care (OmniFlex) - Folded Short Term Care Brochure).pdf,,,from agent portal 2026-09-28: Folded Short Term Care Brochure
ManhattanLife,Short Term Care (OmniFlex),STC,brochure,client,WI,,STC-BR,0525,WI/Short Term Care (OmniFlex),STC-BR_0525 (WI Short Term Care (OmniFlex) - Omni-Flex Short Term Care Brochure).pdf,,,from agent portal 2026-09-28: Omni-Flex Short Term Care Brochure
ManhattanLife,Hospital Indemnity Select,HIS,brochure,client,WI,,HIS-BRSP,0126,WI/Hospital Indemnity Select,HIS-BRSP_0126 (WI Hospital Indemnity Select - Spanish Hospital Indemnity Select Brochure).pdf,,,from agent portal 2026-09-28: Spanish Hospital Indemnity Select Brochure
ManhattanLife,Hospital Indemnity Select,HIS,brochure,client,WI,,HIS-BR,0126,WI/Hospital Indemnity Select,HIS-BR_0126 (WI Hospital Indemnity Select - Hospital Indemnity Select Brochure).pdf,,,from agent portal 2026-09-28: Hospital Indemnity Select Brochure
ManhattanLife,Cancer Care Plus,CCP,brochure,client,WV,,CCP-BRSP,0420,WV/Cancer Care Plus,CCP-BRSP_0420 (WV Cancer Care Plus - Spanish Cancer Care Plus Brochure).pdf,,,from agent portal 2026-09-28: Spanish Cancer Care Plus Brochure
ManhattanLife,Cancer Care Plus,CCP,brochure,client,WV,,CCP-BR,0420,WV/Cancer Care Plus,CCP-BR_0420 (WV Cancer Care Plus - Cancer Care Plus Brochure).pdf,,,from agent portal 2026-09-28: Cancer Care Plus Brochure
ManhattanLife,Critical Protection and Recovery,CPR,brochure,client,WV,,CPR-BR,0520,WV/Critical Protection and Recovery,CPR-BR_0520 (WV Critical Protection and Recovery - Critical Protection & Recovery Brochure).pdf,,,from agent portal 2026-09-28: Critical Protection & Recovery Brochure
ManhattanLife,Critical Protection and Recovery,CPR,brochure,client,WV,,CPRC-BR,0520,WV/Critical Protection and Recovery,CPRC-BR_0520 (WV Critical Protection and Recovery - Critical Protection & Recovery with Cancer).pdf,,,from agent portal 2026-09-28: Critical Protection & Recovery with Cancer
ManhattanLife,24-Hour Accident,EAEP,brochure,client,WV,,EAEP-BR,0622,WV/24-Hour Accident,EAEP-BR_0622 (WV 24-Hour Accident - 24 Hour Accident Brochure).pdf,,,from agent portal 2026-09-28: 24 Hour Accident Brochure
ManhattanLife,24-Hour Accident,EAEP,brochure,client,WV,,EAEP-SPBR,0622,WV/24-Hour Accident,EAEP-SPBR_0622 (WV 24-Hour Accident - Spanish 24 Hour Accident Brochure).pdf,,,from agent portal 2026-09-28: Spanish 24 Hour Accident Brochure
ManhattanLife,Accident Insurance (PAID Enhanced),PAID,brochure,client,WV,,PAIDEH-BRSP,0524,WV/Accident Insurance (PAID Enhanced),PAIDEH-BRSP_0524 (WV Accident Insurance (PAID Enhanced) - Spanish PAID Enhanced Brochure).pdf,,,from agent portal 2026-09-28: Spanish PAID Enhanced Brochure
ManhattanLife,Accident Insurance (PAID Enhanced),PAID,brochure,client,WV,,PAIDEH-BR,0524,WV/Accident Insurance (PAID Enhanced),PAIDEH-BR_0524 (WV Accident Insurance (PAID Enhanced) - PAID Enhanced Brochure).pdf,,,from agent portal 2026-09-28: PAID Enhanced Brochure
ManhattanLife,Dental Vision Hearing (7016),DVH7016,brochure,client,WV,,DVH7016-WV-BRFSP,0425,WV/Dental Vision Hearing (7016),DVH7016-WV-BRFSP_0425 (WV Dental Vision Hearing (7016) - Spanish Folded DVH7016 Brochure).pdf,,,from agent portal 2026-09-28: Spanish Folded DVH7016 Brochure
ManhattanLife,Dental Vision Hearing (7016),DVH7016,brochure,client,WV,,DVH7016-WV-BRF,0425,WV/Dental Vision Hearing (7016),DVH7016-WV-BRF_0425 (WV Dental Vision Hearing (7016) - Folded DVH7016 Brochure).pdf,,,from agent portal 2026-09-28: Folded DVH7016 Brochure
ManhattanLife,Dental Vision Hearing (7016),DVH7016,brochure,client,WV,,DVH7016-WV-BRSP,0425,WV/Dental Vision Hearing (7016),DVH7016-WV-BRSP_0425 (WV Dental Vision Hearing (7016) - Spanish DVH7016 Brochure).pdf,,,from agent portal 2026-09-28: Spanish DVH7016 Brochure
ManhattanLife,Dental Vision Hearing (7016),DVH7016,brochure,client,WV,,DVH7016-WV-BR,0425,WV/Dental Vision Hearing (7016),"DVH7016-WV-BR_0425 (WV Dental Vision Hearing (7016) - Dental, Vision and Hearing 7016 Brochure).pdf",,,"from agent portal 2026-09-28: Dental, Vision and Hearing 7016 Brochure"
ManhattanLife,Out-of-Pocket Protection (Gap),GAP,brochure,client,WV,,GAP15-BRSP,0320,WV/Out-of-Pocket Protection (Gap),GAP15-BRSP_0320 (WV Out-of-Pocket Protection (Gap) - Spanish Out-of-Pocket Brochure).pdf,,,from agent portal 2026-09-28: Spanish Out-of-Pocket Brochure
ManhattanLife,Out-of-Pocket Protection (Gap),GAP,brochure,client,WV,,GAP15-BR,0320,WV/Out-of-Pocket Protection (Gap),GAP15-BR_0320 (WV Out-of-Pocket Protection (Gap) - Out-of-Pocket Brochure).pdf,,,from agent portal 2026-09-28: Out-of-Pocket Brochure
ManhattanLife,Affordable Choice,AFC,brochure,client,WV,,AFC7010-BRSP,1025,WV/Affordable Choice,AFC7010-BRSP_1025 (WV Affordable Choice - Spanish AFC with Specified Disease Brochure).pdf,,,from agent portal 2026-09-28: Spanish AFC with Specified Disease Brochure
ManhattanLife,Affordable Choice,AFC,brochure,client,WV,,AFC7010-BR,1025,WV/Affordable Choice,AFC7010-BR_1025 (WV Affordable Choice - Affordable Choice Enhanced with Specified Disease Brochure).pdf,,,from agent portal 2026-09-28: Affordable Choice Enhanced with Specified Disease Brochure
ManhattanLife,Dental Vision Hearing Select,DVHS,brochure,client,WV,,DVHS-BRSP,0223,WV/Dental Vision Hearing Select,DVHS-BRSP_0223 (WV Dental Vision Hearing Select - Spanish DVH Select Brochure).pdf,,,from agent portal 2026-09-28: Spanish DVH Select Brochure
ManhattanLife,Dental Vision Hearing Select,DVHS,brochure,client,WV,,DVHS-BR,0223,WV/Dental Vision Hearing Select,"DVHS-BR_0223 (WV Dental Vision Hearing Select - Dental, Hearing & Vision Select Brochure).pdf",,,"from agent portal 2026-09-28: Dental, Hearing & Vision Select Brochure"
ManhattanLife,Home Health Care Enhanced,HHC,brochure,client,WV,,HHCE-BRF,0726,WV/Home Health Care Enhanced,HHCE-BRF_0726 (WV Home Health Care Enhanced - Trifold Home Health Care Brochure).pdf,,,from agent portal 2026-09-28: Trifold Home Health Care Brochure
ManhattanLife,Home Health Care Enhanced,HHC,brochure,client,WV,,HHCE-BR,0326,WV/Home Health Care Enhanced,HHCE-BR_0326 (WV Home Health Care Enhanced - Home Health Care Enhanced Brochure).pdf,,,from agent portal 2026-09-28: Home Health Care Enhanced Brochure
ManhattanLife,Home Health Care Enhanced,HHC,brochure,client,WV,,HHCE-SPBR,0326,WV/Home Health Care Enhanced,HHCE-SPBR_0326 (WV Home Health Care Enhanced - Spanish Home Health Care Enhanced Brochure).pdf,,,from agent portal 2026-09-28: Spanish Home Health Care Enhanced Brochure
ManhattanLife,Cancer Heart Attack and Stroke,CHAS,brochure,client,WV,,CHAS-BRSP,0525,WV/Cancer Heart Attack and Stroke,"CHAS-BRSP_0525 (WV Cancer Heart Attack and Stroke - Spanish Cancer, Heart & Stroke Brochure).pdf",,,"from agent portal 2026-09-28: Spanish Cancer, Heart & Stroke Brochure"
ManhattanLife,Cancer Heart Attack and Stroke,CHAS,brochure,client,WV,,CHAS-BR,0525,WV/Cancer Heart Attack and Stroke,"CHAS-BR_0525 (WV Cancer Heart Attack and Stroke - Cancer, Heart & Stroke Brochure).pdf",,,"from agent portal 2026-09-28: Cancer, Heart & Stroke Brochure"
ManhattanLife,Short Term Care (OmniFlex),STC,brochure,client,WV,,STC-BRF,0825,WV/Short Term Care (OmniFlex),STC-BRF_0825 (WV Short Term Care (OmniFlex) - Folded Short Term Care Brochure).pdf,,,from agent portal 2026-09-28: Folded Short Term Care Brochure
ManhattanLife,Short Term Care (OmniFlex),STC,brochure,client,WV,,STC-BR,0525,WV/Short Term Care (OmniFlex),STC-BR_0525 (WV Short Term Care (OmniFlex) - Omni-Flex Short Term Care Brochure).pdf,,,from agent portal 2026-09-28: Omni-Flex Short Term Care Brochure
ManhattanLife,Hospital Indemnity Select,HIS,brochure,client,WV,,HIS-BRSP,0126,WV/Hospital Indemnity Select,HIS-BRSP_0126 (WV Hospital Indemnity Select - Spanish Hospital Indemnity Select Brochure).pdf,,,from agent portal 2026-09-28: Spanish Hospital Indemnity Select Brochure
ManhattanLife,Hospital Indemnity Select,HIS,brochure,client,WV,,HIS-BR,0126,WV/Hospital Indemnity Select,HIS-BR_0126 (WV Hospital Indemnity Select - Hospital Indemnity Select Brochure).pdf,,,from agent portal 2026-09-28: Hospital Indemnity Select Brochure
ManhattanLife,Cancer Care Plus,CCP,brochure,client,WY,,CCP-BRSP,0420,WY/Cancer Care Plus,CCP-BRSP_0420 (WY Cancer Care Plus - Spanish Cancer Care Plus Brochure).pdf,,,from agent portal 2026-09-28: Spanish Cancer Care Plus Brochure
ManhattanLife,Cancer Care Plus,CCP,brochure,client,WY,,CCP-BR,0420,WY/Cancer Care Plus,CCP-BR_0420 (WY Cancer Care Plus - Cancer Care Plus Brochure).pdf,,,from agent portal 2026-09-28: Cancer Care Plus Brochure
ManhattanLife,Critical Protection and Recovery,CPR,brochure,client,WY,,CPR-BR,0520,WY/Critical Protection and Recovery,CPR-BR_0520 (WY Critical Protection and Recovery - Critical Protection & Recovery Brochure).pdf,,,from agent portal 2026-09-28: Critical Protection & Recovery Brochure
ManhattanLife,Critical Protection and Recovery,CPR,brochure,client,WY,,CPRC-BR,0520,WY/Critical Protection and Recovery,CPRC-BR_0520 (WY Critical Protection and Recovery - Critical Protection & Recovery with Cancer).pdf,,,from agent portal 2026-09-28: Critical Protection & Recovery with Cancer
ManhattanLife,24-Hour Accident,EAEP,brochure,client,WY,,EAEP-BR,0622,WY/24-Hour Accident,EAEP-BR_0622 (WY 24-Hour Accident - 24 Hour Accident Brochure).pdf,,,from agent portal 2026-09-28: 24 Hour Accident Brochure
ManhattanLife,24-Hour Accident,EAEP,brochure,client,WY,,EAEP-SPBR,0622,WY/24-Hour Accident,EAEP-SPBR_0622 (WY 24-Hour Accident - Spanish 24 Hour Accident Brochure).pdf,,,from agent portal 2026-09-28: Spanish 24 Hour Accident Brochure
ManhattanLife,Accident Insurance (PAID Enhanced),PAID,brochure,client,WY,,PAIDEH-BRSP,0524,WY/Accident Insurance (PAID Enhanced),PAIDEH-BRSP_0524 (WY Accident Insurance (PAID Enhanced) - Spanish PAID Enhanced Brochure).pdf,,,from agent portal 2026-09-28: Spanish PAID Enhanced Brochure
ManhattanLife,Accident Insurance (PAID Enhanced),PAID,brochure,client,WY,,PAIDEH-BR,0524,WY/Accident Insurance (PAID Enhanced),PAIDEH-BR_0524 (WY Accident Insurance (PAID Enhanced) - PAID Enhanced Brochure).pdf,,,from agent portal 2026-09-28: PAID Enhanced Brochure
ManhattanLife,Dental Vision Hearing (7016),DVH7016,brochure,client,WY,,DVH7016-KSMTSDWY-BR0823,,WY/Dental Vision Hearing (7016),"DVH7016-KSMTSDWY-BR0823 (WY Dental Vision Hearing (7016) - Dental, Vision & Hearing 7016 Brochure).pdf",,,"from agent portal 2026-09-28: Dental, Vision & Hearing 7016 Brochure"
ManhattanLife,Dental Vision Hearing (7016),DVH7016,brochure,client,WY,,DVH7016-KSMTSDWY-BRF0823,,WY/Dental Vision Hearing (7016),DVH7016-KSMTSDWY-BRF0823 (WY Dental Vision Hearing (7016) - Folded DVH7016 Brochure).pdf,,,from agent portal 2026-09-28: Folded DVH7016 Brochure
ManhattanLife,Dental Vision Hearing (7016),DVH7016,brochure,client,WY,,DVH7016KSMTSDWY-BRFSP0823,,WY/Dental Vision Hearing (7016),DVH7016KSMTSDWY-BRFSP0823 (WY Dental Vision Hearing (7016) - Spanish Folded DVH7016 Brochure).pdf,,,from agent portal 2026-09-28: Spanish Folded DVH7016 Brochure
ManhattanLife,Dental Vision Hearing (7016),DVH7016,brochure,client,WY,,DVH7016KSMTSDWY-BRSP0823,,WY/Dental Vision Hearing (7016),DVH7016KSMTSDWY-BRSP0823 (WY Dental Vision Hearing (7016) - Spanish DVH7016 Brochure).pdf,,,from agent portal 2026-09-28: Spanish DVH7016 Brochure
ManhattanLife,Out-of-Pocket Protection (Gap),GAP,brochure,client,WY,,GAP15-BRSP,0320,WY/Out-of-Pocket Protection (Gap),GAP15-BRSP_0320 (WY Out-of-Pocket Protection (Gap) - Spanish Out-of-Pocket Brochure).pdf,,,from agent portal 2026-09-28: Spanish Out-of-Pocket Brochure
ManhattanLife,Out-of-Pocket Protection (Gap),GAP,brochure,client,WY,,GAP15-BR,0320,WY/Out-of-Pocket Protection (Gap),GAP15-BR_0320 (WY Out-of-Pocket Protection (Gap) - Out-of-Pocket Brochure).pdf,,,from agent portal 2026-09-28: Out-of-Pocket Brochure
ManhattanLife,Affordable Choice,AFC,brochure,client,WY,,AFC7010-BRSP,1025,WY/Affordable Choice,AFC7010-BRSP_1025 (WY Affordable Choice - Spanish AFC with Specified Disease Brochure).pdf,,,from agent portal 2026-09-28: Spanish AFC with Specified Disease Brochure
ManhattanLife,Affordable Choice,AFC,brochure,client,WY,,AFC7010-BR,1025,WY/Affordable Choice,AFC7010-BR_1025 (WY Affordable Choice - Affordable Choice Enhanced with Specified Disease Brochure).pdf,,,from agent portal 2026-09-28: Affordable Choice Enhanced with Specified Disease Brochure
ManhattanLife,Dental Vision Hearing Select,DVHS,brochure,client,WY,,DVHS-BRSP,0425,WY/Dental Vision Hearing Select,DVHS-BRSP_0425 (WY Dental Vision Hearing Select - Spanish DVH Select Brochure).pdf,,,from agent portal 2026-09-28: Spanish DVH Select Brochure
ManhattanLife,Dental Vision Hearing Select,DVHS,brochure,client,WY,,DVHS-BR,0926,WY/Dental Vision Hearing Select,"DVHS-BR_0926 (WY Dental Vision Hearing Select - Dental, Vision and Hearing Select).pdf",,,"from agent portal 2026-09-28: Dental, Vision and Hearing Select"
ManhattanLife,Home Health Care Enhanced,HHC,brochure,client,WY,,HHCE-BRF,0726,WY/Home Health Care Enhanced,HHCE-BRF_0726 (WY Home Health Care Enhanced - Trifold Home Health Care Brochure).pdf,,,from agent portal 2026-09-28: Trifold Home Health Care Brochure
ManhattanLife,Home Health Care Enhanced,HHC,brochure,client,WY,,HHCE-BR,0326,WY/Home Health Care Enhanced,HHCE-BR_0326 (WY Home Health Care Enhanced - Home Health Care Enhanced Brochure).pdf,,,from agent portal 2026-09-28: Home Health Care Enhanced Brochure
ManhattanLife,Home Health Care Enhanced,HHC,brochure,client,WY,,HHCE-SPBR,0326,WY/Home Health Care Enhanced,HHCE-SPBR_0326 (WY Home Health Care Enhanced - Spanish Home Health Care Enhanced Brochure).pdf,,,from agent portal 2026-09-28: Spanish Home Health Care Enhanced Brochure
ManhattanLife,Short Term Care (OmniFlex),STC,brochure,client,WY,,STC-BRF,0825,WY/Short Term Care (OmniFlex),STC-BRF_0825 (WY Short Term Care (OmniFlex) - Folded Short Term Care Brochure).pdf,,,from agent portal 2026-09-28: Folded Short Term Care Brochure
ManhattanLife,Short Term Care (OmniFlex),STC,brochure,client,WY,,STC-BR,0525,WY/Short Term Care (OmniFlex),STC-BR_0525 (WY Short Term Care (OmniFlex) - Omni-Flex Short Term Care Brochure).pdf,,,from agent portal 2026-09-28: Omni-Flex Short Term Care Brochure
